"Class","Property","RedefinedClass","RedefinedProperty","Derived","OwnStorage","BaseStorage","ChildLocation","BaseLocation"
"ActionUsage","actionDefinition","OccurrenceUsage","occurrenceDefinition","True","False","False","",""
"ActionUsage","actionDefinition","Step","behavior","True","False","False","",""
"ActorMembership","ownedActorParameter","ParameterMembership","ownedMemberParameter","True","False","False","",""
"AllocationUsage","allocationDefinition","ConnectionUsage","connectionDefinition","True","False","False","",""
"AnalysisCaseUsage","analysisCaseDefinition","CaseUsage","caseDefinition","True","False","False","",""
"Annotation","annotatedElement","Relationship","target","False","True","True","H:\src\modelio\modelio\sysml\sysml.metamodel.impl\src\org\modelio\sysml2\metamodel\kerml\impl\Root\Annotations\AnnotationData.java:15","H:\src\modelio\modelio\sysml\sysml.metamodel.impl\src\org\modelio\sysml2\metamodel\kerml\impl\Root\Elements\RelationshipData.java:27"
"Annotation","annotatingElement","Relationship","source","True","False","True","","H:\src\modelio\modelio\sysml\sysml.metamodel.impl\src\org\modelio\sysml2\metamodel\kerml\impl\Root\Elements\RelationshipData.java:24"
"Association","associationEnd","Type","endFeature","True","False","False","",""
"Association","relatedType","Relationship","relatedElement","True","False","False","",""
"Association","sourceType","Relationship","source","True","False","True","","H:\src\modelio\modelio\sysml\sysml.metamodel.impl\src\org\modelio\sysml2\metamodel\kerml\impl\Root\Elements\RelationshipData.java:24"
"Association","targetType","Relationship","target","True","False","True","","H:\src\modelio\modelio\sysml\sysml.metamodel.impl\src\org\modelio\sysml2\metamodel\kerml\impl\Root\Elements\RelationshipData.java:27"
"AttributeUsage","attributeDefinition","Usage","definition","True","False","False","",""
"AttributeUsage","isReference","Usage","isReference","True","True","True","H:\src\modelio\modelio\sysml\sysml.metamodel.impl\src\org\modelio\sysml2\metamodel\sysml\impl\Systems\Attributes\AttributeUsageData.java:15","H:\src\modelio\modelio\sysml\sysml.metamodel.impl\src\org\modelio\sysml2\metamodel\sysml\impl\Systems\DefinitionAndUsage\UsageData.java:19"
"Behavior","parameter","Type","directedFeature","True","False","False","",""
"BooleanExpression","predicate","Expression","function","True","False","False","",""
"CalculationUsage","calculationDefinition","Expression","function","True","False","False","",""
"CalculationUsage","calculationDefinition","ActionUsage","actionDefinition","True","False","False","",""
"CaseUsage","caseDefinition","CalculationUsage","calculationDefinition","True","False","False","",""
"CollectExpression","operator","OperatorExpression","operator","False","True","True","H:\src\modelio\modelio\sysml\sysml.metamodel.impl\src\org\modelio\sysml2\metamodel\kerml\impl\Kernel\Expressions\CollectExpressionData.java:13","H:\src\modelio\modelio\sysml\sysml.metamodel.impl\src\org\modelio\sysml2\metamodel\kerml\impl\Kernel\Expressions\OperatorExpressionData.java:13"
"ConcernUsage","concernDefinition","RequirementUsage","requirementDefinition","True","False","False","",""
"ConjugatedPortDefinition","ownedPortConjugator","Type","ownedConjugator","True","False","False","",""
"ConjugatedPortTyping","conjugatedPortDefinition","FeatureTyping","type","False","True","True","H:\src\modelio\modelio\sysml\sysml.metamodel.impl\src\org\modelio\sysml2\metamodel\sysml\impl\Systems\Ports\ConjugatedPortTypingData.java:15","H:\src\modelio\modelio\sysml\sysml.metamodel.impl\src\org\modelio\sysml2\metamodel\kerml\impl\Core\Features\FeatureTypingData.java:15"
"Conjugation","conjugatedType","Relationship","source","False","True","True","H:\src\modelio\modelio\sysml\sysml.metamodel.impl\src\org\modelio\sysml2\metamodel\kerml\impl\Core\Types\ConjugationData.java:18","H:\src\modelio\modelio\sysml\sysml.metamodel.impl\src\org\modelio\sysml2\metamodel\kerml\impl\Root\Elements\RelationshipData.java:24"
"Conjugation","originalType","Relationship","target","False","True","True","H:\src\modelio\modelio\sysml\sysml.metamodel.impl\src\org\modelio\sysml2\metamodel\kerml\impl\Core\Types\ConjugationData.java:15","H:\src\modelio\modelio\sysml\sysml.metamodel.impl\src\org\modelio\sysml2\metamodel\kerml\impl\Root\Elements\RelationshipData.java:27"
"ConnectionDefinition","connectionEnd","Association","associationEnd","True","False","False","",""
"ConnectionDefinition","isSufficient","Type","isSufficient","False","True","True","H:\src\modelio\modelio\sysml\sysml.metamodel.impl\src\org\modelio\sysml2\metamodel\sysml\impl\Systems\Connections\ConnectionDefinitionData.java:16","H:\src\modelio\modelio\sysml\sysml.metamodel.impl\src\org\modelio\sysml2\metamodel\kerml\impl\Core\Types\TypeData.java:19"
"ConnectionUsage","connectionDefinition","Connector","association","True","False","False","",""
"Connector","association","Feature","type","True","False","False","",""
"Connector","connectorEnd","Type","endFeature","True","False","False","",""
"Connector","relatedFeature","Relationship","relatedElement","True","False","False","",""
"Connector","sourceFeature","Relationship","source","True","False","True","","H:\src\modelio\modelio\sysml\sysml.metamodel.impl\src\org\modelio\sysml2\metamodel\kerml\impl\Root\Elements\RelationshipData.java:24"
"Connector","targetFeature","Relationship","target","True","False","True","","H:\src\modelio\modelio\sysml\sysml.metamodel.impl\src\org\modelio\sysml2\metamodel\kerml\impl\Root\Elements\RelationshipData.java:27"
"ConstraintUsage","constraintDefinition","BooleanExpression","predicate","True","False","False","",""
"CrossSubsetting","crossedFeature","Subsetting","subsettedFeature","False","True","True","H:\src\modelio\modelio\sysml\sysml.metamodel.impl\src\org\modelio\sysml2\metamodel\kerml\impl\Core\Features\CrossSubsettingData.java:14","H:\src\modelio\modelio\sysml\sysml.metamodel.impl\src\org\modelio\sysml2\metamodel\kerml\impl\Core\Features\SubsettingData.java:18"
"CrossSubsetting","crossingFeature","Subsetting","subsettingFeature","True","False","True","","H:\src\modelio\modelio\sysml\sysml.metamodel.impl\src\org\modelio\sysml2\metamodel\kerml\impl\Core\Features\SubsettingData.java:15"
"CrossSubsetting","crossingFeature","Subsetting","owningFeature","True","False","False","",""
"Differencing","differencingType","Relationship","target","False","True","True","H:\src\modelio\modelio\sysml\sysml.metamodel.impl\src\org\modelio\sysml2\metamodel\kerml\impl\Core\Types\DifferencingData.java:15","H:\src\modelio\modelio\sysml\sysml.metamodel.impl\src\org\modelio\sysml2\metamodel\kerml\impl\Root\Elements\RelationshipData.java:27"
"Differencing","typeDifferenced","Relationship","source","True","False","True","","H:\src\modelio\modelio\sysml\sysml.metamodel.impl\src\org\modelio\sysml2\metamodel\kerml\impl\Root\Elements\RelationshipData.java:24"
"Disjoining","disjoiningType","Relationship","target","False","True","True","H:\src\modelio\modelio\sysml\sysml.metamodel.impl\src\org\modelio\sysml2\metamodel\kerml\impl\Core\Types\DisjoiningData.java:15","H:\src\modelio\modelio\sysml\sysml.metamodel.impl\src\org\modelio\sysml2\metamodel\kerml\impl\Root\Elements\RelationshipData.java:27"
"Disjoining","typeDisjoined","Relationship","source","False","True","True","H:\src\modelio\modelio\sysml\sysml.metamodel.impl\src\org\modelio\sysml2\metamodel\kerml\impl\Core\Types\DisjoiningData.java:18","H:\src\modelio\modelio\sysml\sysml.metamodel.impl\src\org\modelio\sysml2\metamodel\kerml\impl\Root\Elements\RelationshipData.java:24"
"ElementFilterMembership","condition","OwningMembership","ownedMemberElement","True","False","False","",""
"EndFeatureMembership","ownedMemberFeature","FeatureMembership","ownedMemberFeature","True","False","False","",""
"EnumerationDefinition","enumeratedValue","Definition","variant","True","False","False","",""
"EnumerationDefinition","isVariation","Definition","isVariation","False","True","True","H:\src\modelio\modelio\sysml\sysml.metamodel.impl\src\org\modelio\sysml2\metamodel\sysml\impl\Systems\Enumerations\EnumerationDefinitionData.java:16","H:\src\modelio\modelio\sysml\sysml.metamodel.impl\src\org\modelio\sysml2\metamodel\sysml\impl\Systems\DefinitionAndUsage\DefinitionData.java:14"
"EnumerationUsage","enumerationDefinition","AttributeUsage","attributeDefinition","True","False","False","",""
"EventOccurrenceUsage","isReference","Usage","isReference","True","True","True","H:\src\modelio\modelio\sysml\sysml.metamodel.impl\src\org\modelio\sysml2\metamodel\sysml\impl\Systems\Occurrences\EventOccurrenceUsageData.java:13","H:\src\modelio\modelio\sysml\sysml.metamodel.impl\src\org\modelio\sysml2\metamodel\sysml\impl\Systems\DefinitionAndUsage\UsageData.java:19"
"ExhibitStateUsage","exhibitedState","PerformActionUsage","performedAction","True","False","False","",""
"Expose","isImportAll","Import","isImportAll","False","True","True","H:\src\modelio\modelio\sysml\sysml.metamodel.impl\src\org\modelio\sysml2\metamodel\sysml\impl\Systems\Views\ExposeData.java:18","H:\src\modelio\modelio\sysml\sysml.metamodel.impl\src\org\modelio\sysml2\metamodel\kerml\impl\Root\Elements\ImportData.java:20"
"Expose","visibility","Import","visibility","False","True","True","H:\src\modelio\modelio\sysml\sysml.metamodel.impl\src\org\modelio\sysml2\metamodel\sysml\impl\Systems\Views\ExposeData.java:15","H:\src\modelio\modelio\sysml\sysml.metamodel.impl\src\org\modelio\sysml2\metamodel\kerml\impl\Root\Elements\ImportData.java:14"
"Expression","function","Step","behavior","True","False","False","",""
"FeatureChainExpression","operator","OperatorExpression","operator","False","True","True","H:\src\modelio\modelio\sysml\sysml.metamodel.impl\src\org\modelio\sysml2\metamodel\kerml\impl\Kernel\Expressions\FeatureChainExpressionData.java:13","H:\src\modelio\modelio\sysml\sysml.metamodel.impl\src\org\modelio\sysml2\metamodel\kerml\impl\Kernel\Expressions\OperatorExpressionData.java:13"
"FeatureChaining","chainingFeature","Relationship","target","False","True","True","H:\src\modelio\modelio\sysml\sysml.metamodel.impl\src\org\modelio\sysml2\metamodel\kerml\impl\Core\Features\FeatureChainingData.java:15","H:\src\modelio\modelio\sysml\sysml.metamodel.impl\src\org\modelio\sysml2\metamodel\kerml\impl\Root\Elements\RelationshipData.java:27"
"FeatureChaining","featureChained","Relationship","source","True","False","True","","H:\src\modelio\modelio\sysml\sysml.metamodel.impl\src\org\modelio\sysml2\metamodel\kerml\impl\Root\Elements\RelationshipData.java:24"
"FeatureInverting","featureInverted","Relationship","source","False","True","True","H:\src\modelio\modelio\sysml\sysml.metamodel.impl\src\org\modelio\sysml2\metamodel\kerml\impl\Core\Features\FeatureInvertingData.java:18","H:\src\modelio\modelio\sysml\sysml.metamodel.impl\src\org\modelio\sysml2\metamodel\kerml\impl\Root\Elements\RelationshipData.java:24"
"FeatureInverting","invertingFeature","Relationship","target","False","True","True","H:\src\modelio\modelio\sysml\sysml.metamodel.impl\src\org\modelio\sysml2\metamodel\kerml\impl\Core\Features\FeatureInvertingData.java:15","H:\src\modelio\modelio\sysml\sysml.metamodel.impl\src\org\modelio\sysml2\metamodel\kerml\impl\Root\Elements\RelationshipData.java:27"
"FeatureMembership","ownedMemberFeature","OwningMembership","ownedMemberElement","True","False","False","",""
"FeatureMembership","owningType","Membership","membershipOwningNamespace","True","False","False","",""
"FeatureTyping","owningFeature","Specialization","owningType","True","False","False","",""
"FeatureTyping","type","Specialization","general","False","True","True","H:\src\modelio\modelio\sysml\sysml.metamodel.impl\src\org\modelio\sysml2\metamodel\kerml\impl\Core\Features\FeatureTypingData.java:15","H:\src\modelio\modelio\sysml\sysml.metamodel.impl\src\org\modelio\sysml2\metamodel\kerml\impl\Core\Types\SpecializationData.java:15"
"FeatureTyping","typedFeature","Specialization","specific","False","True","True","H:\src\modelio\modelio\sysml\sysml.metamodel.impl\src\org\modelio\sysml2\metamodel\kerml\impl\Core\Features\FeatureTypingData.java:18","H:\src\modelio\modelio\sysml\sysml.metamodel.impl\src\org\modelio\sysml2\metamodel\kerml\impl\Core\Types\SpecializationData.java:18"
"FeatureValue","value","OwningMembership","ownedMemberElement","True","False","False","",""
"Flow","interaction","Step","behavior","True","False","False","",""
"Flow","interaction","Connector","association","True","False","False","",""
"FlowDefinition","flowEnd","Association","associationEnd","True","False","False","",""
"FlowUsage","flowDefinition","Flow","interaction","True","False","False","",""
"FlowUsage","flowDefinition","ActionUsage","actionDefinition","True","False","False","",""
"FramedConcernMembership","kind","RequirementConstraintMembership","kind","False","True","True","H:\src\modelio\modelio\sysml\sysml.metamodel.impl\src\org\modelio\sysml2\metamodel\sysml\impl\Systems\Requirements\FramedConcernMembershipData.java:14","H:\src\modelio\modelio\sysml\sysml.metamodel.impl\src\org\modelio\sysml2\metamodel\sysml\impl\Systems\Requirements\RequirementConstraintMembershipData.java:15"
"FramedConcernMembership","ownedConcern","RequirementConstraintMembership","ownedConstraint","True","False","False","",""
"FramedConcernMembership","referencedConcern","RequirementConstraintMembership","referencedConstraint","True","False","False","",""
"Import","importOwningNamespace","Relationship","source","True","False","True","","H:\src\modelio\modelio\sysml\sysml.metamodel.impl\src\org\modelio\sysml2\metamodel\kerml\impl\Root\Elements\RelationshipData.java:24"
"IncludeUseCaseUsage","useCaseIncluded","PerformActionUsage","performedAction","True","False","False","",""
"IndexExpression","operator","OperatorExpression","operator","False","True","True","H:\src\modelio\modelio\sysml\sysml.metamodel.impl\src\org\modelio\sysml2\metamodel\kerml\impl\Kernel\Expressions\IndexExpressionData.java:13","H:\src\modelio\modelio\sysml\sysml.metamodel.impl\src\org\modelio\sysml2\metamodel\kerml\impl\Kernel\Expressions\OperatorExpressionData.java:13"
"InterfaceDefinition","interfaceEnd","ConnectionDefinition","connectionEnd","True","False","False","",""
"InterfaceUsage","interfaceDefinition","ConnectionUsage","connectionDefinition","True","False","False","",""
"Intersecting","intersectingType","Relationship","target","False","True","True","H:\src\modelio\modelio\sysml\sysml.metamodel.impl\src\org\modelio\sysml2\metamodel\kerml\impl\Core\Types\IntersectingData.java:15","H:\src\modelio\modelio\sysml\sysml.metamodel.impl\src\org\modelio\sysml2\metamodel\kerml\impl\Root\Elements\RelationshipData.java:27"
"Intersecting","typeIntersected","Relationship","source","True","False","True","","H:\src\modelio\modelio\sysml\sysml.metamodel.impl\src\org\modelio\sysml2\metamodel\kerml\impl\Root\Elements\RelationshipData.java:24"
"Membership","memberElement","Relationship","target","False","True","True","H:\src\modelio\modelio\sysml\sysml.metamodel.impl\src\org\modelio\sysml2\metamodel\kerml\impl\Root\Namespaces\MembershipData.java:29","H:\src\modelio\modelio\sysml\sysml.metamodel.impl\src\org\modelio\sysml2\metamodel\kerml\impl\Root\Elements\RelationshipData.java:27"
"Membership","membershipOwningNamespace","Relationship","source","True","False","True","","H:\src\modelio\modelio\sysml\sysml.metamodel.impl\src\org\modelio\sysml2\metamodel\kerml\impl\Root\Elements\RelationshipData.java:24"
"MembershipImport","importedMembership","Relationship","target","False","True","True","H:\src\modelio\modelio\sysml\sysml.metamodel.impl\src\org\modelio\sysml2\metamodel\kerml\impl\Root\Elements\MembershipImportData.java:14","H:\src\modelio\modelio\sysml\sysml.metamodel.impl\src\org\modelio\sysml2\metamodel\kerml\impl\Root\Elements\RelationshipData.java:27"
"NamespaceImport","importedNamespace","Relationship","target","False","True","True","H:\src\modelio\modelio\sysml\sysml.metamodel.impl\src\org\modelio\sysml2\metamodel\kerml\impl\Root\Elements\NamespaceImportData.java:14","H:\src\modelio\modelio\sysml\sysml.metamodel.impl\src\org\modelio\sysml2\metamodel\kerml\impl\Root\Elements\RelationshipData.java:27"
"ObjectiveMembership","ownedObjectiveRequirement","FeatureMembership","ownedMemberFeature","True","False","False","",""
"OccurrenceUsage","occurrenceDefinition","Usage","definition","True","False","False","",""
"OwningMembership","ownedMemberElement","Membership","memberElement","True","False","True","","H:\src\modelio\modelio\sysml\sysml.metamodel.impl\src\org\modelio\sysml2\metamodel\kerml\impl\Root\Namespaces\MembershipData.java:29"
"OwningMembership","ownedMemberElementId","Membership","memberElementId","True","True","True","H:\src\modelio\modelio\sysml\sysml.metamodel.impl\src\org\modelio\sysml2\metamodel\kerml\impl\Root\Namespaces\OwningMembershipData.java:13","H:\src\modelio\modelio\sysml\sysml.metamodel.impl\src\org\modelio\sysml2\metamodel\kerml\impl\Root\Namespaces\MembershipData.java:23"
"OwningMembership","ownedMemberName","Membership","memberName","True","True","True","H:\src\modelio\modelio\sysml\sysml.metamodel.impl\src\org\modelio\sysml2\metamodel\kerml\impl\Root\Namespaces\OwningMembershipData.java:16","H:\src\modelio\modelio\sysml\sysml.metamodel.impl\src\org\modelio\sysml2\metamodel\kerml\impl\Root\Namespaces\MembershipData.java:20"
"OwningMembership","ownedMemberShortName","Membership","memberShortName","True","True","True","H:\src\modelio\modelio\sysml\sysml.metamodel.impl\src\org\modelio\sysml2\metamodel\kerml\impl\Root\Namespaces\OwningMembershipData.java:19","H:\src\modelio\modelio\sysml\sysml.metamodel.impl\src\org\modelio\sysml2\metamodel\kerml\impl\Root\Namespaces\MembershipData.java:26"
"ParameterMembership","ownedMemberParameter","FeatureMembership","ownedMemberFeature","True","False","False","",""
"PerformActionUsage","performedAction","EventOccurrenceUsage","eventOccurrence","True","False","False","",""
"PortConjugation","conjugatedPortDefinition","Conjugation","owningType","True","False","False","",""
"PortConjugation","originalPortDefinition","Conjugation","originalType","False","True","True","H:\src\modelio\modelio\sysml\sysml.metamodel.impl\src\org\modelio\sysml2\metamodel\sysml\impl\Systems\Ports\PortConjugationData.java:15","H:\src\modelio\modelio\sysml\sysml.metamodel.impl\src\org\modelio\sysml2\metamodel\kerml\impl\Core\Types\ConjugationData.java:15"
"PortUsage","portDefinition","OccurrenceUsage","occurrenceDefinition","True","False","False","",""
"Redefinition","redefinedFeature","Subsetting","subsettedFeature","False","True","True","H:\src\modelio\modelio\sysml\sysml.metamodel.impl\src\org\modelio\sysml2\metamodel\kerml\impl\Core\Features\RedefinitionData.java:17","H:\src\modelio\modelio\sysml\sysml.metamodel.impl\src\org\modelio\sysml2\metamodel\kerml\impl\Core\Features\SubsettingData.java:18"
"Redefinition","redefiningFeature","Subsetting","subsettingFeature","False","True","True","H:\src\modelio\modelio\sysml\sysml.metamodel.impl\src\org\modelio\sysml2\metamodel\kerml\impl\Core\Features\RedefinitionData.java:20","H:\src\modelio\modelio\sysml\sysml.metamodel.impl\src\org\modelio\sysml2\metamodel\kerml\impl\Core\Features\SubsettingData.java:15"
"ReferenceSubsetting","referencedFeature","Subsetting","subsettedFeature","False","True","True","H:\src\modelio\modelio\sysml\sysml.metamodel.impl\src\org\modelio\sysml2\metamodel\kerml\impl\Core\Features\ReferenceSubsettingData.java:14","H:\src\modelio\modelio\sysml\sysml.metamodel.impl\src\org\modelio\sysml2\metamodel\kerml\impl\Core\Features\SubsettingData.java:18"
"ReferenceSubsetting","referencingFeature","Subsetting","subsettingFeature","True","False","True","","H:\src\modelio\modelio\sysml\sysml.metamodel.impl\src\org\modelio\sysml2\metamodel\kerml\impl\Core\Features\SubsettingData.java:15"
"ReferenceSubsetting","referencingFeature","Subsetting","owningFeature","True","False","False","",""
"ReferenceUsage","isReference","Usage","isReference","True","True","True","H:\src\modelio\modelio\sysml\sysml.metamodel.impl\src\org\modelio\sysml2\metamodel\sysml\impl\Systems\DefinitionAndUsage\ReferenceUsageData.java:14","H:\src\modelio\modelio\sysml\sysml.metamodel.impl\src\org\modelio\sysml2\metamodel\sysml\impl\Systems\DefinitionAndUsage\UsageData.java:19"
"RenderingUsage","renderingDefinition","PartUsage","partDefinition","True","False","False","",""
"RequirementConstraintMembership","ownedConstraint","FeatureMembership","ownedMemberFeature","True","False","False","",""
"RequirementUsage","requirementDefinition","ConstraintUsage","constraintDefinition","True","False","False","",""
"RequirementVerificationMembership","kind","RequirementConstraintMembership","kind","False","True","True","H:\src\modelio\modelio\sysml\sysml.metamodel.impl\src\org\modelio\sysml2\metamodel\sysml\impl\Systems\VerificationCases\RequirementVerificationMembershipData.java:15","H:\src\modelio\modelio\sysml\sysml.metamodel.impl\src\org\modelio\sysml2\metamodel\sysml\impl\Systems\Requirements\RequirementConstraintMembershipData.java:15"
"RequirementVerificationMembership","ownedRequirement","RequirementConstraintMembership","ownedConstraint","True","False","False","",""
"RequirementVerificationMembership","verifiedRequirement","RequirementConstraintMembership","referencedConstraint","True","False","False","",""
"ResultExpressionMembership","ownedResultExpression","FeatureMembership","ownedMemberFeature","True","False","False","",""
"SatisfyRequirementUsage","satisfiedRequirement","AssertConstraintUsage","assertedConstraint","True","False","False","",""
"SelectExpression","operator","OperatorExpression","operator","False","True","True","H:\src\modelio\modelio\sysml\sysml.metamodel.impl\src\org\modelio\sysml2\metamodel\kerml\impl\Kernel\Expressions\SelectExpressionData.java:13","H:\src\modelio\modelio\sysml\sysml.metamodel.impl\src\org\modelio\sysml2\metamodel\kerml\impl\Kernel\Expressions\OperatorExpressionData.java:13"
"Specialization","general","Relationship","target","False","True","True","H:\src\modelio\modelio\sysml\sysml.metamodel.impl\src\org\modelio\sysml2\metamodel\kerml\impl\Core\Types\SpecializationData.java:15","H:\src\modelio\modelio\sysml\sysml.metamodel.impl\src\org\modelio\sysml2\metamodel\kerml\impl\Root\Elements\RelationshipData.java:27"
"Specialization","specific","Relationship","source","False","True","True","H:\src\modelio\modelio\sysml\sysml.metamodel.impl\src\org\modelio\sysml2\metamodel\kerml\impl\Core\Types\SpecializationData.java:18","H:\src\modelio\modelio\sysml\sysml.metamodel.impl\src\org\modelio\sysml2\metamodel\kerml\impl\Root\Elements\RelationshipData.java:24"
"StakeholderMembership","ownedStakeholderParameter","ParameterMembership","ownedMemberParameter","True","False","False","",""
"StateSubactionMembership","action","FeatureMembership","ownedMemberFeature","True","False","False","",""
"StateUsage","stateDefinition","ActionUsage","actionDefinition","True","False","False","",""
"Step","parameter","Type","directedFeature","True","False","False","",""
"Subclassification","owningClassifier","Specialization","owningType","True","False","False","",""
"Subclassification","subclassifier","Specialization","specific","False","True","True","H:\src\modelio\modelio\sysml\sysml.metamodel.impl\src\org\modelio\sysml2\metamodel\kerml\impl\Core\Classifiers\SubclassificationData.java:18","H:\src\modelio\modelio\sysml\sysml.metamodel.impl\src\org\modelio\sysml2\metamodel\kerml\impl\Core\Types\SpecializationData.java:18"
"Subclassification","superclassifier","Specialization","general","False","True","True","H:\src\modelio\modelio\sysml\sysml.metamodel.impl\src\org\modelio\sysml2\metamodel\kerml\impl\Core\Classifiers\SubclassificationData.java:15","H:\src\modelio\modelio\sysml\sysml.metamodel.impl\src\org\modelio\sysml2\metamodel\kerml\impl\Core\Types\SpecializationData.java:15"
"SubjectMembership","ownedSubjectParameter","ParameterMembership","ownedMemberParameter","True","False","False","",""
"Subsetting","owningFeature","Specialization","owningType","True","False","False","",""
"Subsetting","subsettedFeature","Specialization","general","False","True","True","H:\src\modelio\modelio\sysml\sysml.metamodel.impl\src\org\modelio\sysml2\metamodel\kerml\impl\Core\Features\SubsettingData.java:18","H:\src\modelio\modelio\sysml\sysml.metamodel.impl\src\org\modelio\sysml2\metamodel\kerml\impl\Core\Types\SpecializationData.java:15"
"Subsetting","subsettingFeature","Specialization","specific","False","True","True","H:\src\modelio\modelio\sysml\sysml.metamodel.impl\src\org\modelio\sysml2\metamodel\kerml\impl\Core\Features\SubsettingData.java:15","H:\src\modelio\modelio\sysml\sysml.metamodel.impl\src\org\modelio\sysml2\metamodel\kerml\impl\Core\Types\SpecializationData.java:18"
"TextualRepresentation","representedElement","AnnotatingElement","annotatedElement","True","False","True","","H:\src\modelio\modelio\sysml\sysml.metamodel.impl\src\org\modelio\sysml2\metamodel\kerml\impl\Root\Annotations\AnnotatingElementData.java:16"
"TransitionFeatureMembership","transitionFeature","FeatureMembership","ownedMemberFeature","True","False","False","",""
"TypeFeaturing","featureOfType","Relationship","source","False","True","True","H:\src\modelio\modelio\sysml\sysml.metamodel.impl\src\org\modelio\sysml2\metamodel\kerml\impl\Core\Features\TypeFeaturingData.java:18","H:\src\modelio\modelio\sysml\sysml.metamodel.impl\src\org\modelio\sysml2\metamodel\kerml\impl\Root\Elements\RelationshipData.java:24"
"TypeFeaturing","featuringType","Relationship","target","False","True","True","H:\src\modelio\modelio\sysml\sysml.metamodel.impl\src\org\modelio\sysml2\metamodel\kerml\impl\Core\Features\TypeFeaturingData.java:15","H:\src\modelio\modelio\sysml\sysml.metamodel.impl\src\org\modelio\sysml2\metamodel\kerml\impl\Root\Elements\RelationshipData.java:27"
"Unioning","typeUnioned","Relationship","source","True","False","True","","H:\src\modelio\modelio\sysml\sysml.metamodel.impl\src\org\modelio\sysml2\metamodel\kerml\impl\Root\Elements\RelationshipData.java:24"
"Unioning","unioningType","Relationship","target","False","True","True","H:\src\modelio\modelio\sysml\sysml.metamodel.impl\src\org\modelio\sysml2\metamodel\kerml\impl\Core\Types\UnioningData.java:15","H:\src\modelio\modelio\sysml\sysml.metamodel.impl\src\org\modelio\sysml2\metamodel\kerml\impl\Root\Elements\RelationshipData.java:27"
"Usage","definition","Feature","type","True","False","False","",""
"Usage","mayTimeVary","Feature","isVariable","True","True","True","H:\src\modelio\modelio\sysml\sysml.metamodel.impl\src\org\modelio\sysml2\metamodel\sysml\impl\Systems\DefinitionAndUsage\UsageData.java:22","H:\src\modelio\modelio\sysml\sysml.metamodel.impl\src\org\modelio\sysml2\metamodel\kerml\impl\Core\Features\FeatureData.java:41"
"UseCaseUsage","useCaseDefinition","CaseUsage","caseDefinition","True","False","False","",""
"VariantMembership","ownedVariantUsage","OwningMembership","ownedMemberElement","True","False","False","",""
"ViewpointUsage","viewpointDefinition","RequirementUsage","requirementDefinition","True","False","False","",""
"ViewRenderingMembership","ownedRendering","FeatureMembership","ownedMemberFeature","True","False","False","",""
"ViewUsage","viewDefinition","PartUsage","partDefinition","True","False","False","",""
