nom;fichier;est_diagramme
abstraction;standard.abstraction.png;non
acceptcalleventaction;standard.acceptcalleventaction.png;non
acceptchangeeventaction;standard.acceptchangeeventaction.png;non
acceptsignalaction;standard.acceptsignalaction.png;non
accepttimeeventaction;standard.accepttimeeventaction.png;non
actionstate;standard.actionstate.png;non
activity;standard.activity.png;non
activitydiagram.horizontal;standard.activitydiagram.horizontal.png;oui
activitydiagram;standard.activitydiagram.png;oui
activitydiagram.vertical;standard.activitydiagram.vertical.png;oui
activityedge;standard.activityedge.png;non
activityfinalnode;standard.activityfinalnode.png;non
activitygraph;standard.activitygraph.png;non
activityparameternode;standard.activityparameternode.png;non
activitypartition;standard.activitypartition.png;non
actor;standard.actor.png;non
artifact;standard.artifact.png;non
association;standard.association.png;non
associationbinary;standard.associationbinary.png;non
associationend.aggregation;standard.associationend.aggregation.png;non
associationend.composition;standard.associationend.composition.png;non
associationend;standard.associationend.png;non
attribute;standard.attribute.png;non
attributelink;standard.attributelink.png;non
behaviorparameter;standard.behaviorparameter.png;non
bindableinstance;standard.bindableinstance.png;non
binding;standard.binding.png;non
bpmnadhocsubprocess;standard.bpmnadhocsubprocess.png;non
bpmnbehavior;standard.bpmnbehavior.png;non
bpmnboundaryevent;standard.bpmnboundaryevent.png;non
bpmnbusinessruletask;standard.bpmnbusinessruletask.png;non
bpmncallactivity;standard.bpmncallactivity.png;non
bpmncollaboration;standard.bpmncollaboration.png;non
bpmncollaborationdiagram;standard.bpmncollaborationdiagram.png;oui
bpmncomplexbehaviordefinition;standard.bpmncomplexbehaviordefinition.png;non
bpmncomplexgateway;standard.bpmncomplexgateway.png;non
bpmndataassociation;standard.bpmndataassociation.png;non
bpmndatainput;standard.bpmndatainput.png;non
bpmndataobject;standard.bpmndataobject.png;non
bpmndataoutput;standard.bpmndataoutput.png;non
bpmndatastate;standard.bpmndatastate.png;non
bpmndatastore;standard.bpmndatastore.png;non
bpmnendevent;standard.bpmnendevent.png;non
bpmnendpoint;standard.bpmnendpoint.png;non
bpmneventbasedgateway;standard.bpmneventbasedgateway.png;non
bpmnexclusivegateway;standard.bpmnexclusivegateway.png;non
bpmngateway;standard.bpmngateway.png;non
bpmngroup;standard.bpmngroup.png;non
bpmnimplicitthrowevent;standard.bpmnimplicitthrowevent.png;non
bpmninclusivegateway;standard.bpmninclusivegateway.png;non
bpmninterface;standard.bpmninterface.png;non
bpmnintermediatecatchevent;standard.bpmnintermediatecatchevent.png;non
bpmnintermediatethrowevent;standard.bpmnintermediatethrowevent.png;non
bpmnitemdefinition;standard.bpmnitemdefinition.png;non
bpmnlane;standard.bpmnlane.png;non
bpmnlaneset;standard.bpmnlaneset.png;non
bpmnloopcharacteristics;standard.bpmnloopcharacteristics.png;non
bpmnmanualtask;standard.bpmnmanualtask.png;non
bpmnmessage;standard.bpmnmessage.png;non
bpmnmessageflow;standard.bpmnmessageflow.png;non
bpmnmultiinstanceloopcharacteristics;standard.bpmnmultiinstanceloopcharacteristics.png;non
bpmnoperation;standard.bpmnoperation.png;non
bpmnparallelgateway;standard.bpmnparallelgateway.png;non
bpmnparticipant.local;standard.bpmnparticipant.local.png;non
bpmnparticipant;standard.bpmnparticipant.png;non
bpmnparticipant.referenced;standard.bpmnparticipant.referenced.png;non
bpmnprocess;standard.bpmnprocess.png;non
bpmnprocessdesigndiagram;standard.bpmnprocessdesigndiagram.png;oui
bpmnreceivetask;standard.bpmnreceivetask.png;non
bpmnresource;standard.bpmnresource.png;non
bpmnresourceparameter;standard.bpmnresourceparameter.png;non
bpmnresourceparameterbinding;standard.bpmnresourceparameterbinding.png;non
bpmnresourcerole;standard.bpmnresourcerole.png;non
bpmnscripttask;standard.bpmnscripttask.png;non
bpmnsendtask;standard.bpmnsendtask.png;non
bpmnsequenceflow;standard.bpmnsequenceflow.png;non
bpmnsequenceflowdataassociation;standard.bpmnsequenceflowdataassociation.png;non
bpmnservicetask;standard.bpmnservicetask.png;non
bpmnstandardloopcharacteristics;standard.bpmnstandardloopcharacteristics.png;non
bpmnstartevent;standard.bpmnstartevent.png;non
bpmnsubprocess;standard.bpmnsubprocess.png;non
bpmnsubprocessdiagram;standard.bpmnsubprocessdiagram.png;oui
bpmntask;standard.bpmntask.png;non
bpmntransaction;standard.bpmntransaction.png;non
bpmnusertask;standard.bpmnusertask.png;non
callbehavioraction;standard.callbehavioraction.png;non
calloperationaction;standard.calloperationaction.png;non
centralbuffernode;standard.centralbuffernode.png;non
choicepseudostate;standard.choicepseudostate.png;non
class;standard.class.png;non
classassociation;standard.classassociation.png;non
classdiagram;standard.classdiagram.png;oui
classifierroleref;standard.classifierroleref.png;non
clause;standard.clause.png;non
collaboration;standard.collaboration.png;non
collaborationMessage;standard.collaborationMessage.png;non
collaborationuse;standard.collaborationuse.png;non
combinedfragment;standard.combinedfragment.png;non
communication;standard.communication.png;non
communicationchannel;standard.communicationchannel.png;non
communicationdiagram;standard.communicationdiagram.png;oui
communicationinteraction;standard.communicationinteraction.png;non
communicationmessage_1;standard.communicationmessage_1.png;non
communicationmessage_10;standard.communicationmessage_10.png;non
communicationmessage_2;standard.communicationmessage_2.png;non
communicationmessage_4;standard.communicationmessage_4.png;non
communicationmessage_5;standard.communicationmessage_5.png;non
communicationmessage_6;standard.communicationmessage_6.png;non
communicationmessage_8;standard.communicationmessage_8.png;non
communicationmessage_9;standard.communicationmessage_9.png;non
communicationmessage;standard.communicationmessage.png;non
communicationnode;standard.communicationnode.png;non
component;standard.component.png;non
componentinstance;standard.componentinstance.png;non
componentrealization;standard.componentrealization.png;non
componentref;standard.componentref.png;non
compositestructurediagram;standard.compositestructurediagram.png;oui
conditionalnode;standard.conditionalnode.png;non
connectionpointreference.entry;standard.connectionpointreference.entry.png;non
connectionpointreference.exit;standard.connectionpointreference.exit.png;non
connectionpointreference;standard.connectionpointreference.png;non
connector;standard.connector.png;non
connectorend;standard.connectorend.png;non
constraint;standard.constraint.png;non
controlflow;standard.controlflow.png;non
dataflow;standard.dataflow.png;non
datastorenode;standard.datastorenode.png;non
datatype;standard.datatype.png;non
decisionmergenode;standard.decisionmergenode.png;non
deephistorypseudostate;standard.deephistorypseudostate.png;non
deploymentdiagram;standard.deploymentdiagram.png;oui
diagramcontainer;standard.diagramcontainer.png;oui
elementimport;standard.elementimport.png;non
elementrealization;standard.elementrealization.png;non
entrypointpseudostate;standard.entrypointpseudostate.png;non
enumeration;standard.enumeration.png;non
enumerationliteral;standard.enumerationliteral.png;non
event;standard.event.png;non
exceptionhandler;standard.exceptionhandler.png;non
executionspecification;standard.executionspecification.png;non
exitpointpseudostate;standard.exitpointpseudostate.png;non
expansionnode.inputelement;standard.expansionnode.inputelement.png;non
expansionnode.outputelement;standard.expansionnode.outputelement.png;non
expansionnode;standard.expansionnode.png;non
expansionregion;standard.expansionregion.png;non
extensionpoint;standard.extensionpoint.png;non
finalstate;standard.finalstate.png;non
flowfinalnode;standard.flowfinalnode.png;non
flows;standard.flows.png;non
forkjoinnode;standard.forkjoinnode.png;non
forkpseudostate;standard.forkpseudostate.png;non
gate;standard.gate.png;non
generalization;standard.generalization.png;non
informationflow_1;standard.informationflow_1.png;non
informationflow_10;standard.informationflow_10.png;non
informationflow_2;standard.informationflow_2.png;non
informationflow_4;standard.informationflow_4.png;non
informationflow_5;standard.informationflow_5.png;non
informationflow_6;standard.informationflow_6.png;non
informationflow_8;standard.informationflow_8.png;non
informationflow_9;standard.informationflow_9.png;non
informationflow;standard.informationflow.png;non
informationflow.realizedinformationflow;standard.informationflow.realizedinformationflow.png;non
informationitem;standard.informationitem.png;non
initialnode;standard.initialnode.png;non
initialpseudostate;standard.initialpseudostate.png;non
inputpin;standard.inputpin.png;non
instance;standard.instance.png;non
instancenode;standard.instancenode.png;non
interaction;standard.interaction.png;non
interactionoperand;standard.interactionoperand.png;non
interactionuse;standard.interactionuse.png;non
interface;standard.interface.png;non
interfacerealization;standard.interfacerealization.png;non
internaltransition;standard.internaltransition.png;non
interruptibleactivityregion;standard.interruptibleactivityregion.png;non
iopin;standard.iopin.png;non
joinpseudostate;standard.joinpseudostate.png;non
junctionpseudostate;standard.junctionpseudostate.png;non
lifeline;standard.lifeline.png;non
link.delegate;standard.link.delegate.png;non
link;standard.link.png;non
linkend;standard.linkend.png;non
loopnode;standard.loopnode.png;non
manifestation;standard.manifestation.png;non
mergenode;standard.mergenode.png;non
messageasynchronous;standard.messageasynchronous.png;non
messagecreate;standard.messagecreate.png;non
messagedestroy;standard.messagedestroy.png;non
messagefork;standard.messagefork.png;non
messagereply;standard.messagereply.png;non
messagesynchronous;standard.messagesynchronous.png;non
naryassociation;standard.naryassociation.png;non
naryassociationend;standard.naryassociationend.png;non
naryconnector;standard.naryconnector.png;non
naryconnectorend;standard.naryconnectorend.png;non
narylink;standard.narylink.png;non
narylinkend;standard.narylinkend.png;non
node;standard.node.png;non
nodeinstance;standard.nodeinstance.png;non
objectdiagram;standard.objectdiagram.png;oui
objectflow;standard.objectflow.png;non
objectflowstate;standard.objectflowstate.png;non
objectscenario;standard.objectscenario.png;non
opaqueaction;standard.opaqueaction.png;non
operation.constructor;standard.operation.constructor.png;non
operation.destructor;standard.operation.destructor.png;non
operation;standard.operation.png;non
outputpin;standard.outputpin.png;non
package.model;standard.package.model.png;non
package;standard.package.png;non
packageimport;standard.packageimport.png;non
packagemerge;standard.packagemerge.png;non
parameter.io;standard.parameter.io.png;non
parameter;standard.parameter.png;non
parameter.return;standard.parameter.return.png;non
partdecomposition;standard.partdecomposition.png;non
pins_and_parameters;standard.pins_and_parameters.png;non
port;standard.port.png;non
project;standard.project.png;non
providedinterface;standard.providedinterface.png;non
raisedexception;standard.raisedexception.png;non
realization;standard.realization.png;non
region;standard.region.png;non
requiredinterface;standard.requiredinterface.png;non
reservedclass;standard.reservedclass.png;non
sendsignal;standard.sendsignal.png;non
sendsignalaction;standard.sendsignalaction.png;non
sequencediagram;standard.sequencediagram.png;oui
shallowhistorypseudostate;standard.shallowhistorypseudostate.png;non
signal;standard.signal.png;non
signalreceiving;standard.signalreceiving.png;non
signalref;standard.signalref.png;non
signalsending;standard.signalsending.png;non
smartgeneralization;standard.smartgeneralization.png;non
smartimport;standard.smartimport.png;non
state;standard.state.png;non
statebranchpseudo;standard.statebranchpseudo.png;non
stateconcurrent;standard.stateconcurrent.png;non
statedeephistorypseudo;standard.statedeephistorypseudo.png;non
statediagram;standard.statediagram.png;oui
statefinalpseudo;standard.statefinalpseudo.png;non
stateforkpseudo;standard.stateforkpseudo.png;non
stateinitialpseudo;standard.stateinitialpseudo.png;non
stateinvariant;standard.stateinvariant.png;non
statejoinpseudo;standard.statejoinpseudo.png;non
statemachine;standard.statemachine.png;non
statemachine.protocol;standard.statemachine.protocol.png;non
statemachinediagram;standard.statemachinediagram.png;oui
stateshallowhistorypseudo;standard.stateshallowhistorypseudo.png;non
statesynchronizationpseudo;standard.statesynchronizationpseudo.png;non
staticdiagram.impact;standard.staticdiagram.impact.png;oui
staticdiagram;standard.staticdiagram.png;oui
structuredactivitynode;standard.structuredactivitynode.png;non
subactivitystate;standard.subactivitystate.png;non
substitution;standard.substitution.png;non
subsystem;standard.subsystem.png;non
templatebinding;standard.templatebinding.png;non
templateparameter;standard.templateparameter.png;non
templateparametersubstitution;standard.templateparametersubstitution.png;non
terminatepseudostate;standard.terminatepseudostate.png;non
traceability;standard.traceability.png;non
transition;standard.transition.png;non
usage;standard.usage.png;non
usecase;standard.usecase.png;non
usecasedependency;standard.usecasedependency.png;non
usecasedependencyextend;standard.usecasedependencyextend.png;non
usecasedependencyinclude;standard.usecasedependencyinclude.png;non
usecasediagram;standard.usecasediagram.png;oui
valuepin;standard.valuepin.png;non
