"nom";"fichier";"est_diagramme";"est_preview";"chemin_icone_source"
"activity";"activity.png";"non";"non";"icons-study/07-icones-sources/sysml1/activity.png"
"actor";"actor.png";"non";"non";"icons-study/07-icones-sources/sysml1/actor.png"
"aggregation";"aggregation.png";"non";"non";"icons-study/07-icones-sources/sysml1/aggregation.png"
"allocate";"allocate.png";"non";"non";"icons-study/07-icones-sources/sysml1/allocate.png"
"association";"association.png";"non";"non";"icons-study/07-icones-sources/sysml1/association.png"
"associationclass";"associationclass.png";"non";"non";"icons-study/07-icones-sources/sysml1/associationclass.png"
"attributelink";"attributelink.png";"non";"non";"icons-study/07-icones-sources/sysml1/attributelink.png"
"backback";"backback.png";"non";"non";"icons-study/07-icones-sources/sysml1/backback.png"
"bindableinstance";"bindableinstance.png";"non";"non";"icons-study/07-icones-sources/sysml1/bindableinstance.png"
"binding";"binding.png";"non";"non";"icons-study/07-icones-sources/sysml1/binding.png"
"bindingconnector";"bindingconnector.png";"non";"non";"icons-study/07-icones-sources/sysml1/bindingconnector.png"
"block";"block.png";"non";"non";"icons-study/07-icones-sources/sysml1/block.png"
"block48";"block48.png";"non";"non";"icons-study/07-icones-sources/sysml1/block48.png"
"blockdiagram";"blockdiagram.png";"oui";"non";"icons-study/07-icones-sources/sysml1/blockdiagram.png"
"class";"class.png";"non";"non";"icons-study/07-icones-sources/sysml1/class.png"
"collaboration";"collaboration.png";"non";"non";"icons-study/07-icones-sources/sysml1/collaboration.png"
"collaborationuse";"collaborationuse.png";"non";"non";"icons-study/07-icones-sources/sysml1/collaborationuse.png"
"component";"component.png";"non";"non";"icons-study/07-icones-sources/sysml1/component.png"
"composition";"composition.png";"non";"non";"icons-study/07-icones-sources/sysml1/composition.png"
"conform";"conform.png";"non";"non";"icons-study/07-icones-sources/sysml1/conform.png"
"connector";"connector.png";"non";"non";"icons-study/07-icones-sources/sysml1/connector.png"
"connectorproperty";"connectorproperty.png";"non";"non";"icons-study/07-icones-sources/sysml1/connectorproperty.png"
"constraint";"constraint.png";"non";"non";"icons-study/07-icones-sources/sysml1/constraint.png"
"constraintblock";"constraintblock.png";"non";"non";"icons-study/07-icones-sources/sysml1/constraintblock.png"
"constraintblock48";"constraintblock48.png";"non";"non";"icons-study/07-icones-sources/sysml1/constraintblock48.png"
"constraintproperty";"constraintproperty.png";"non";"non";"icons-study/07-icones-sources/sysml1/constraintproperty.png"
"continuous";"continuous.png";"non";"non";"icons-study/07-icones-sources/sysml1/continuous.png"
"continuousparameter";"continuousparameter.png";"non";"non";"icons-study/07-icones-sources/sysml1/continuousparameter.png"
"datatype";"datatype.png";"non";"non";"icons-study/07-icones-sources/sysml1/datatype.png"
"dependency";"dependency.png";"non";"non";"icons-study/07-icones-sources/sysml1/dependency.png"
"discrete";"discrete.png";"non";"non";"icons-study/07-icones-sources/sysml1/discrete.png"
"discreteparameter";"discreteparameter.png";"non";"non";"icons-study/07-icones-sources/sysml1/discreteparameter.png"
"distributedproperty";"distributedproperty.png";"non";"non";"icons-study/07-icones-sources/sysml1/distributedproperty.png"
"elementimport";"elementimport.png";"non";"non";"icons-study/07-icones-sources/sysml1/elementimport.png"
"enumeration";"enumeration.png";"non";"non";"icons-study/07-icones-sources/sysml1/enumeration.png"
"enumerationliteral";"enumerationliteral.png";"non";"non";"icons-study/07-icones-sources/sysml1/enumerationliteral.png"
"flowport_in";"flowport_in.png";"non";"non";"icons-study/07-icones-sources/sysml1/flowport_in.png"
"flowport_indiagram";"flowport_indiagram.png";"oui";"non";"icons-study/07-icones-sources/sysml1/flowport_indiagram.png"
"flowport_inout";"flowport_inout.png";"non";"non";"icons-study/07-icones-sources/sysml1/flowport_inout.png"
"flowport_inoutdiagram";"flowport_inoutdiagram.png";"oui";"non";"icons-study/07-icones-sources/sysml1/flowport_inoutdiagram.png"
"flowport_out";"flowport_out.png";"non";"non";"icons-study/07-icones-sources/sysml1/flowport_out.png"
"flowport_outdiagram";"flowport_outdiagram.png";"oui";"non";"icons-study/07-icones-sources/sysml1/flowport_outdiagram.png"
"flowproperty";"flowproperty.png";"non";"non";"icons-study/07-icones-sources/sysml1/flowproperty.png"
"flowspecification";"flowspecification.png";"non";"non";"icons-study/07-icones-sources/sysml1/flowspecification.png"
"flowspecification48";"flowspecification48.png";"non";"non";"icons-study/07-icones-sources/sysml1/flowspecification48.png"
"generalization";"generalization.png";"non";"non";"icons-study/07-icones-sources/sysml1/generalization.png"
"informationflow";"informationflow.png";"non";"non";"icons-study/07-icones-sources/sysml1/informationflow.png"
"interaction";"interaction.png";"non";"non";"icons-study/07-icones-sources/sysml1/interaction.png"
"interface";"interface.png";"non";"non";"icons-study/07-icones-sources/sysml1/interface.png"
"interfacerealization";"interfacerealization.png";"non";"non";"icons-study/07-icones-sources/sysml1/interfacerealization.png"
"internalblockdiagram";"internalblockdiagram.png";"oui";"non";"icons-study/07-icones-sources/sysml1/internalblockdiagram.png"
"itemflow";"itemflow.png";"non";"non";"icons-study/07-icones-sources/sysml1/itemflow.png"
"link_delegate";"link_delegate.png";"non";"non";"icons-study/07-icones-sources/sysml1/link_delegate.png"
"naryassociation";"naryassociation.png";"non";"non";"icons-study/07-icones-sources/sysml1/naryassociation.png"
"narylink";"narylink.png";"non";"non";"icons-study/07-icones-sources/sysml1/narylink.png"
"note";"note.png";"non";"non";"icons-study/07-icones-sources/sysml1/note.png"
"operation";"operation.png";"non";"non";"icons-study/07-icones-sources/sysml1/operation.png"
"optional";"optional.png";"non";"non";"icons-study/07-icones-sources/sysml1/optional.png"
"package";"package.png";"non";"non";"icons-study/07-icones-sources/sysml1/package.png"
"packagediagram";"packagediagram.png";"oui";"non";"icons-study/07-icones-sources/sysml1/packagediagram.png"
"packageimport";"packageimport.png";"non";"non";"icons-study/07-icones-sources/sysml1/packageimport.png"
"packagemerge";"packagemerge.png";"non";"non";"icons-study/07-icones-sources/sysml1/packagemerge.png"
"parameter";"parameter.png";"non";"non";"icons-study/07-icones-sources/sysml1/parameter.png"
"parameterreturn";"parameterreturn.png";"non";"non";"icons-study/07-icones-sources/sysml1/parameterreturn.png"
"parametricdiagram";"parametricdiagram.png";"oui";"non";"icons-study/07-icones-sources/sysml1/parametricdiagram.png"
"part";"part.png";"non";"non";"icons-study/07-icones-sources/sysml1/part.png"
"participantproperty";"participantproperty.png";"non";"non";"icons-study/07-icones-sources/sysml1/participantproperty.png"
"port";"port.png";"non";"non";"icons-study/07-icones-sources/sysml1/port.png"
"previewactivitydiagram";"previewactivitydiagram.png";"oui";"oui";"icons-study/07-icones-sources/sysml1/previewactivitydiagram.png"
"previewblockdiagram";"previewblockdiagram.png";"oui";"oui";"icons-study/07-icones-sources/sysml1/previewblockdiagram.png"
"previewinternalblockdiagram";"previewinternalblockdiagram.png";"oui";"oui";"icons-study/07-icones-sources/sysml1/previewinternalblockdiagram.png"
"previewpackagediagram";"previewpackagediagram.png";"oui";"oui";"icons-study/07-icones-sources/sysml1/previewpackagediagram.png"
"previewparametricdiagram";"previewparametricdiagram.png";"oui";"oui";"icons-study/07-icones-sources/sysml1/previewparametricdiagram.png"
"previewsequencediagram";"previewsequencediagram.png";"oui";"oui";"icons-study/07-icones-sources/sysml1/previewsequencediagram.png"
"previewstatediagram";"previewstatediagram.png";"oui";"oui";"icons-study/07-icones-sources/sysml1/previewstatediagram.png"
"previewusecasediagram";"previewusecasediagram.png";"oui";"oui";"icons-study/07-icones-sources/sysml1/previewusecasediagram.png"
"probability";"probability.png";"non";"non";"icons-study/07-icones-sources/sysml1/probability.png"
"problem";"problem.png";"non";"non";"icons-study/07-icones-sources/sysml1/problem.png"
"propertyspecifictype";"propertyspecifictype.png";"non";"non";"icons-study/07-icones-sources/sysml1/propertyspecifictype.png"
"providedinterface";"providedinterface.png";"non";"non";"icons-study/07-icones-sources/sysml1/providedinterface.png"
"quantitykind";"quantitykind.png";"non";"non";"icons-study/07-icones-sources/sysml1/quantitykind.png"
"quantitykind48";"quantitykind48.png";"non";"non";"icons-study/07-icones-sources/sysml1/quantitykind48.png"
"raisedexception";"raisedexception.png";"non";"non";"icons-study/07-icones-sources/sysml1/raisedexception.png"
"rate";"rate.png";"non";"non";"icons-study/07-icones-sources/sysml1/rate.png"
"rateparameter";"rateparameter.png";"non";"non";"icons-study/07-icones-sources/sysml1/rateparameter.png"
"rationale";"rationale.png";"non";"non";"icons-study/07-icones-sources/sysml1/rationale.png"
"reference";"reference.png";"non";"non";"icons-study/07-icones-sources/sysml1/reference.png"
"refine";"refine.png";"non";"non";"icons-study/07-icones-sources/sysml1/refine.png"
"requiredinterface";"requiredinterface.png";"non";"non";"icons-study/07-icones-sources/sysml1/requiredinterface.png"
"requirement";"requirement.png";"non";"non";"icons-study/07-icones-sources/sysml1/requirement.png"
"signal";"signal.png";"non";"non";"icons-study/07-icones-sources/sysml1/signal.png"
"smartgeneralization";"smartgeneralization.png";"non";"non";"icons-study/07-icones-sources/sysml1/smartgeneralization.png"
"smartimport";"smartimport.png";"non";"non";"icons-study/07-icones-sources/sysml1/smartimport.png"
"statemachine";"statemachine.png";"non";"non";"icons-study/07-icones-sources/sysml1/statemachine.png"
"sysml";"sysml.png";"non";"non";"icons-study/07-icones-sources/sysml1/sysml.png"
"sysmlactivitydiagram";"sysmlactivitydiagram.png";"oui";"non";"icons-study/07-icones-sources/sysml1/sysmlactivitydiagram.png"
"sysmlback";"sysmlback.png";"non";"non";"icons-study/07-icones-sources/sysml1/sysmlback.png"
"sysmldiagram";"sysmldiagram.png";"oui";"non";"icons-study/07-icones-sources/sysml1/sysmldiagram.png"
"sysmlrequirementdiagram";"sysmlrequirementdiagram.png";"oui";"non";"icons-study/07-icones-sources/sysml1/sysmlrequirementdiagram.png"
"sysmlsequencediagram";"sysmlsequencediagram.png";"oui";"non";"icons-study/07-icones-sources/sysml1/sysmlsequencediagram.png"
"sysmlstatemachinediagram";"sysmlstatemachinediagram.png";"oui";"non";"icons-study/07-icones-sources/sysml1/sysmlstatemachinediagram.png"
"sysmlusecasediagram";"sysmlusecasediagram.png";"oui";"non";"icons-study/07-icones-sources/sysml1/sysmlusecasediagram.png"
"templatebinding";"templatebinding.png";"non";"non";"icons-study/07-icones-sources/sysml1/templatebinding.png"
"testcase";"testcase.png";"non";"non";"icons-study/07-icones-sources/sysml1/testcase.png"
"trace";"trace.png";"non";"non";"icons-study/07-icones-sources/sysml1/trace.png"
"traceability";"traceability.png";"non";"non";"icons-study/07-icones-sources/sysml1/traceability.png"
"umlcomposition";"umlcomposition.png";"non";"non";"icons-study/07-icones-sources/sysml1/umlcomposition.png"
"unit";"unit.png";"non";"non";"icons-study/07-icones-sources/sysml1/unit.png"
"unit48";"unit48.png";"non";"non";"icons-study/07-icones-sources/sysml1/unit48.png"
"usage";"usage.png";"non";"non";"icons-study/07-icones-sources/sysml1/usage.png"
"usecase";"usecase.png";"non";"non";"icons-study/07-icones-sources/sysml1/usecase.png"
"valuetype";"valuetype.png";"non";"non";"icons-study/07-icones-sources/sysml1/valuetype.png"
"valuetype48";"valuetype48.png";"non";"non";"icons-study/07-icones-sources/sysml1/valuetype48.png"
"view";"view.png";"non";"non";"icons-study/07-icones-sources/sysml1/view.png"
"view48";"view48.png";"non";"non";"icons-study/07-icones-sources/sysml1/view48.png"
"viewpoint";"viewpoint.png";"non";"non";"icons-study/07-icones-sources/sysml1/viewpoint.png"
"viewpoint48";"viewpoint48.png";"non";"non";"icons-study/07-icones-sources/sysml1/viewpoint48.png"
