icone_sysml1;type_sysml2;concept_sysml2_definition;concept_sysml2_usage;action;confiance;commentaire;chemin_icone_source;chemin_icone_sysml2;avancement
block;element;PartDefinition;PartUsage;recolorer;haute;Block v1 se scinde en couple Definition/Usage - PRODUIT (2026-09-24) : icones bleu validees par le PO, fichiers finaux en place a chemin_icone_sysml2;icons-study/07-icones-sources/sysml1/block.png;icons-study/08-icones-sysml2/sysml.partdefinition.svg / icons-study/08-icones-sysml2/sysml.partusage.svg;produit
part;element;;PartUsage;recolorer;haute;Definition correspondante = PartDefinition, couverte par la ligne block - PRODUIT (2026-09-24) : icone bleu validee par le PO, fichier final en place a chemin_icone_sysml2;icons-study/07-icones-sources/sysml1/part.png;icons-study/08-icones-sysml2/sysml.partusage.svg;produit
constraintblock;element;ConstraintDefinition;ConstraintUsage;recolorer;haute;PRODUIT (2026-09-24) : icones bleu validees par le PO, fichiers finaux en place a chemin_icone_sysml2;icons-study/07-icones-sources/sysml1/constraintblock.png;icons-study/08-icones-sysml2/sysml.constraintdefinition.svg / icons-study/08-icones-sysml2/sysml.constraintusage.svg;produit
constraintproperty;element;;ConstraintUsage;recolorer;haute;usage en tant que feature typee - Definition couverte par la ligne constraintblock - visuel coherent (symbole accolades {}), confirme comme la vraie base pour ConstraintUsage (verifie visuellement le 2026-09-24, a distinguer de constraint.png qui n'est pas pertinent) - PRODUIT (2026-09-24) : icones bleu validees par le PO, fichiers finaux en place a chemin_icone_sysml2;icons-study/07-icones-sources/sysml1/constraintproperty.png;icons-study/08-icones-sysml2/sysml.constraintusage.svg;produit
valuetype;element;AttributeDefinition;;recolorer;haute;ValueType v1 -> AttributeDefinition en v2 - icone contient les lettres VT gravees en dur dans les pixels, valable uniquement pour la Definition (verifie visuellement le 2026-09-24) - AttributeUsage retiree de cette ligne, couverte separement - PRODUIT (2026-09-24) : icones bleu validees par le PO, fichiers finaux en place a chemin_icone_sysml2;icons-study/07-icones-sources/sysml1/valuetype.png;icons-study/08-icones-sysml2/sysml.attributedefinition.svg;produit
flowspecification;element;ItemDefinition;ItemUsage;recolorer;moyenne;correspond au type de payload transporte (confirme dans Items.sysml), proche du role de FlowSpecification en v1 - PRODUIT (2026-09-24) : icone bleu validee par le PO, fichier final en place a chemin_icone_sysml2;icons-study/07-icones-sources/sysml1/flowspecification.png;icons-study/08-icones-sysml2/sysml.itemdefinition.svg / icons-study/08-icones-sysml2/sysml.itemusage.svg;produit
flowproperty;element;;ItemUsage (direction in/out);derive;moyenne;en v2 la direction est un modificateur de feature (in/out) - Definition couverte par la ligne flowspecification;icons-study/07-icones-sources/sysml1/flowproperty.png;icons-study/08-icones-sysml2/sysml.itemusagedirectionin.svg;a_faire
flowport_in;element;PortDefinition;PortUsage (direction in);derive;haute;confirme dans Ports.sysml - reprendre l'icone port + badge de direction, comme standard.parameter.io.png en UML - PRODUIT (2026-09-24) : icone bleu validee par le PO, fichier final en place a chemin_icone_sysml2;icons-study/07-icones-sources/sysml1/flowport_in.png;icons-study/08-icones-sysml2/sysml.portdefinition.svg / icons-study/08-icones-sysml2/sysml.portusagedirectionin.svg;produit
flowport_out;element;PortDefinition;PortUsage (direction out);derive;haute;idem flowport_in - PRODUIT (2026-09-24) : icone bleu validee par le PO, fichier final en place a chemin_icone_sysml2;icons-study/07-icones-sources/sysml1/flowport_out.png;icons-study/08-icones-sysml2/sysml.portdefinition.svg / icons-study/08-icones-sysml2/sysml.portusagedirectionout.svg;produit
flowport_inout;element;PortDefinition;PortUsage (direction inout);derive;haute;idem flowport_in - PRODUIT (2026-09-24) : icone bleu validee par le PO, fichier final en place a chemin_icone_sysml2;icons-study/07-icones-sources/sysml1/flowport_inout.png;icons-study/08-icones-sysml2/sysml.portdefinition.svg / icons-study/08-icones-sysml2/sysml.portusagedirectioninout.svg;produit
port;element;PortDefinition;PortUsage;recolorer;haute;PRODUIT (2026-09-24) : icones bleu validees par le PO, fichiers finaux en place a chemin_icone_sysml2;icons-study/07-icones-sources/sysml1/port.png;icons-study/08-icones-sysml2/sysml.portdefinition.svg / icons-study/08-icones-sysml2/sysml.portusage.svg;produit
interface;element;InterfaceDefinition;InterfaceUsage;recolorer;haute;PRODUIT (2026-09-24) : icones bleu validees par le PO, fichiers finaux en place a chemin_icone_sysml2;icons-study/07-icones-sources/sysml1/interface.png;icons-study/08-icones-sysml2/sysml.interfacedefinition.svg / icons-study/08-icones-sysml2/sysml.interfaceusage.svg;produit
interfacerealization;relation;InterfaceRealization (relation);;recolorer;moyenne;relation KerML, pas de dualite Definition/Usage - a valider selon type exact;icons-study/07-icones-sources/sysml1/interfacerealization.png;icons-study/08-icones-sysml2/sysml.interfacerealization.svg;a_faire
itemflow;element;FlowDefinition;FlowUsage;recolorer;haute;"confirme dans Flows.sysml (mot-cle ""flow def""/""flow""), pas FlowConnection - PRODUIT (2026-09-24) : icones bleu validees par le PO, fichiers finaux en place a chemin_icone_sysml2";icons-study/07-icones-sources/sysml1/itemflow.png;icons-study/08-icones-sysml2/sysml.flowdefinition.svg / icons-study/08-icones-sysml2/sysml.flowusage.svg;produit
requirement;element;RequirementDefinition;RequirementUsage;recolorer;haute;PRODUIT (2026-09-24) : icones bleu validees par le PO, fichiers finaux en place a chemin_icone_sysml2;icons-study/07-icones-sources/sysml1/requirement.png;icons-study/08-icones-sysml2/sysml.requirementdefinition.svg / icons-study/08-icones-sysml2/sysml.requirementusage.svg;produit
testcase;element;VerificationCaseDefinition;VerificationCaseUsage;recolorer;haute;confirme dans VerificationCases.sysml - PRODUIT (2026-09-24) : icones bleu validees par le PO, fichiers finaux en place a chemin_icone_sysml2;icons-study/07-icones-sources/sysml1/testcase.png;icons-study/08-icones-sysml2/sysml.verificationcasedefinition.svg / icons-study/08-icones-sysml2/sysml.verificationcaseusage.svg;produit
viewpoint;element;ViewpointDefinition;ViewpointUsage;recolorer;haute;PRODUIT (2026-09-24) : icones bleu validees par le PO, fichiers finaux en place a chemin_icone_sysml2;icons-study/07-icones-sources/sysml1/viewpoint.png;icons-study/08-icones-sysml2/sysml.viewpointdefinition.svg / icons-study/08-icones-sysml2/sysml.viewpointusage.svg;produit
view;element;ViewDefinition;ViewUsage;recolorer;haute;PRODUIT (2026-09-24) : icones bleu validees par le PO, fichiers finaux en place a chemin_icone_sysml2;icons-study/07-icones-sources/sysml1/view.png;icons-study/08-icones-sysml2/sysml.viewdefinition.svg / icons-study/08-icones-sysml2/sysml.viewusage.svg;produit
usecase;element;UseCaseDefinition;UseCaseUsage;recolorer;haute;PRODUIT (2026-09-24) : icones bleu validees par le PO, fichiers finaux en place a chemin_icone_sysml2;icons-study/07-icones-sources/sysml1/usecase.png;icons-study/08-icones-sysml2/sysml.usecasedefinition.svg / icons-study/08-icones-sysml2/sysml.usecaseusage.svg;produit
statemachine;element;StateDefinition;StateUsage;recolorer;moyenne;arbre d'etats remplace le concept de machine a etats autonome - PRODUIT (2026-09-24) : icone bleu validee par le PO, fichier final en place a chemin_icone_sysml2;icons-study/07-icones-sources/sysml1/statemachine.png;icons-study/08-icones-sysml2/sysml.statedefinition.svg / icons-study/08-icones-sysml2/sysml.stateusage.svg;produit
activity;element;ActionDefinition;ActionUsage;recolorer;moyenne;PRODUIT (2026-09-24) : icone bleu validee par le PO, fichier final en place a chemin_icone_sysml2;icons-study/07-icones-sources/sysml1/activity.png;icons-study/08-icones-sysml2/sysml.actiondefinition.svg / icons-study/08-icones-sysml2/sysml.actionusage.svg;produit
interaction;element;;OccurrenceUsage / EventOccurrenceUsage;creer;basse;"icone SysML1 ""interaction"" existe (cadre de sequence) mais semantiquement eloignee d'Occurrence - Definition (OccurrenceDefinition) non couverte par une icone source, voir ligne ajoutee en fin de tableau";icons-study/07-icones-sources/sysml1/interaction.png;icons-study/08-icones-sysml2/sysml.occurrenceusage.svg;a_faire
signal;element;ItemDefinition;ItemUsage;recolorer;basse;a valider - pas retrouve comme metaclasse dediee, probablement un ItemDefinition specialise - PRODUIT (2026-09-24) : icone bleu validee par le PO, fichier final en place a chemin_icone_sysml2;icons-study/07-icones-sources/sysml1/signal.png;icons-study/08-icones-sysml2/sysml.itemdefinition.svg / icons-study/08-icones-sysml2/sysml.itemusage.svg;produit
allocate;element;AllocationDefinition;AllocationUsage;recolorer;haute;confirme dans Allocations.sysml - PRODUIT (2026-09-24) : icones bleu validees par le PO, fichiers finaux en place a chemin_icone_sysml2;icons-study/07-icones-sources/sysml1/allocate.png;icons-study/08-icones-sysml2/sysml.allocationdefinition.svg / icons-study/08-icones-sysml2/sysml.allocationusage.svg;produit
refine;relation;Refine / DeriveRequirement (relation);;recolorer;moyenne;relation KerML entre exigences, pas de dualite Definition/Usage - a valider selon type exact;icons-study/07-icones-sources/sysml1/refine.png;icons-study/08-icones-sysml2/sysml.refine.svg;a_faire
trace;relation;Trace (relation);;recolorer;haute;PRODUIT (2026-09-24) : icone bleu validee par le PO, fichier final en place a chemin_icone_sysml2;icons-study/07-icones-sources/sysml1/trace.png;icons-study/08-icones-sysml2/sysml.trace.svg;produit
rationale;autre;;;recolorer;basse;base SysML1 rationale.png disponible, pas de metaclasse dediee confirmee - a traiter probablement comme Documentation;icons-study/07-icones-sources/sysml1/rationale.png;;a_faire
problem;element;ConcernDefinition;ConcernUsage;recolorer;haute;concept normatif v2 = Concern (confirme dans Requirements.sysml), reprendre problem.png comme base et recolorer - PRODUIT (2026-09-24) : icones bleu validees par le PO, fichiers finaux en place a chemin_icone_sysml2;icons-study/07-icones-sources/sysml1/problem.png;icons-study/08-icones-sysml2/sysml.concerndefinition.svg / icons-study/08-icones-sysml2/sysml.concernusage.svg;produit
conform;relation;Conform (relation);;recolorer;moyenne;;icons-study/07-icones-sources/sysml1/conform.png;icons-study/08-icones-sysml2/sysml.conform.svg;a_faire
association;relation;Association / Connection (relation);;recolorer;haute;notation largement inchangee - PRODUIT (2026-09-24) : icone bleu validee par le PO, fichier final en place a chemin_icone_sysml2;icons-study/07-icones-sources/sysml1/association.png;icons-study/08-icones-sysml2/sysml.association.svg;produit
aggregation;relation;FeatureMembership composite=false (relation);;recolorer;haute;PRODUIT (2026-09-24) : icone bleu validee par le PO, fichier final en place a chemin_icone_sysml2;icons-study/07-icones-sources/sysml1/aggregation.png;icons-study/08-icones-sysml2/sysml.featuremembershipcompositefalse.svg;produit
composition;relation;FeatureMembership composite=true (relation);;recolorer;haute;PRODUIT (2026-09-24) : icone bleu validee par le PO, fichier final en place a chemin_icone_sysml2;icons-study/07-icones-sources/sysml1/composition.png;icons-study/08-icones-sysml2/sysml.featuremembershipcompositetrue.svg;produit
generalization;relation;Specialization (relation);;recolorer;haute;PRODUIT (2026-09-24) : icone bleu validee par le PO, fichier final en place a chemin_icone_sysml2;icons-study/07-icones-sources/sysml1/generalization.png;icons-study/08-icones-sysml2/sysml.specialization.svg;produit
dependency;relation;Dependency (relation);;recolorer;haute;PRODUIT (2026-09-24) : icone bleu validee par le PO, fichier final en place a chemin_icone_sysml2;icons-study/07-icones-sources/sysml1/dependency.png;icons-study/08-icones-sysml2/sysml.dependency.svg;produit
package;autre;Package;;recolorer;haute;pas de dualite Definition/Usage pour un espace de noms - PRODUIT (2026-09-24) : icone bleu validee par le PO, fichier final en place a chemin_icone_sysml2;icons-study/07-icones-sources/sysml1/package.png;icons-study/08-icones-sysml2/sysml.package.svg;produit
packageimport;relation;Import (relation);;recolorer;haute;PRODUIT (2026-09-24) : icone bleu validee par le PO, fichier final en place a chemin_icone_sysml2;icons-study/07-icones-sources/sysml1/packageimport.png;icons-study/08-icones-sysml2/sysml.import.svg;produit
packagemerge;relation;;;recolorer;basse;a valider - le merge de packages n'est pas garanti identique en v2;icons-study/07-icones-sources/sysml1/packagemerge.png;;a_faire
elementimport;relation;Import (relation);;recolorer;haute;PRODUIT (2026-09-24) : icone bleu validee par le PO, fichier final en place a chemin_icone_sysml2;icons-study/07-icones-sources/sysml1/elementimport.png;icons-study/08-icones-sysml2/sysml.import.svg;produit
enumeration;element;EnumerationDefinition;;recolorer;haute;correction : anciennement place par erreur dans la colonne usage - PRODUIT (2026-09-24) : icones bleu validees par le PO, fichiers finaux en place a chemin_icone_sysml2;icons-study/07-icones-sources/sysml1/enumeration.png;icons-study/08-icones-sysml2/sysml.enumerationdefinition.svg;produit
enumerationliteral;element;;EnumerationUsage;recolorer;haute;Definition couverte par la ligne enumeration - PRODUIT (2026-09-24) : icones bleu validees par le PO, fichiers finaux en place a chemin_icone_sysml2;icons-study/07-icones-sources/sysml1/enumerationliteral.png;icons-study/08-icones-sysml2/sysml.enumerationusage.svg;produit
datatype;element;;;recolorer;moyenne;a valider vs AttributeDefinition;icons-study/07-icones-sources/sysml1/datatype.png;;a_faire
class;autre;;;recolorer;basse;SysML v2 n'a pas de Class au sens UML - a discuter;icons-study/07-icones-sources/sysml1/class.png;;a_faire
component;element;PartDefinition (stereotype);;recolorer;basse;a valider - Component v1 sans equivalent direct, rapprocher de PartDefinition - correction : anciennement place par erreur dans la colonne usage;icons-study/07-icones-sources/sysml1/component.png;icons-study/08-icones-sysml2/sysml.partdefinitionstereotype.svg;a_faire
connector;element;ConnectionDefinition;ConnectionUsage;recolorer;haute;confirme dans Connections.sysml - PRODUIT (2026-09-24) : icones bleu validees par le PO, fichiers finaux en place a chemin_icone_sysml2;icons-study/07-icones-sources/sysml1/connector.png;icons-study/08-icones-sysml2/sysml.connectiondefinition.svg / icons-study/08-icones-sysml2/sysml.connectionusage.svg;produit
bindingconnector;element;;BindingConnector;recolorer;moyenne;pas de sous-type binding explicite trouve dans Connections.sysml - a verifier dans le noyau KerML (Bindings) - icone d'arbre de modele (visuel : simple fleche double, sans les losanges de binding.png qui est l'icone de palette/outil du meme concept, verifie visuellement le 2026-09-24) - PRODUIT (2026-09-24) : icone bleu validee par le PO, fichier final en place a chemin_icone_sysml2;icons-study/07-icones-sources/sysml1/bindingconnector.png;icons-study/08-icones-sysml2/sysml.bindingconnector.svg;produit
naryassociation;relation;relation n-aire;;recolorer;moyenne;;icons-study/07-icones-sources/sysml1/naryassociation.png;icons-study/08-icones-sysml2/sysml.relationnaire.svg;a_faire
narylink;relation;;;recolorer;basse;a valider;icons-study/07-icones-sources/sysml1/narylink.png;;a_faire
parameter;element;;;recolorer;haute;parametre de feature/action conserve;icons-study/07-icones-sources/sysml1/parameter.png;;a_faire
parameterreturn;element;;;recolorer;moyenne;;icons-study/07-icones-sources/sysml1/parameterreturn.png;;a_faire
note;autre;;Comment;recolorer;haute;Comment n'a pas de pendant Definition - PRODUIT (2026-09-24) : icone bleu validee par le PO, fichier final en place a chemin_icone_sysml2;icons-study/07-icones-sources/sysml1/note.png;icons-study/08-icones-sysml2/sysml.comment.svg;produit
operation;element;;;recolorer;moyenne;a valider - notion de Behavior/Function en v2;icons-study/07-icones-sources/sysml1/operation.png;;a_faire
attributelink;autre;;FeatureValue;recolorer;moyenne;liaison de valeur, pas de dualite Definition/Usage - PRODUIT (2026-09-24) : icone bleu validee par le PO, fichier final en place a chemin_icone_sysml2;icons-study/07-icones-sources/sysml1/attributelink.png;icons-study/08-icones-sysml2/sysml.featurevalue.svg;produit
bindableinstance;element;;;recolorer;basse;a valider;icons-study/07-icones-sources/sysml1/bindableinstance.png;;a_faire
collaboration;element;;;recolorer;basse;a valider - non prioritaire;icons-study/07-icones-sources/sysml1/collaboration.png;;a_faire
collaborationuse;element;;;recolorer;basse;a valider - non prioritaire;icons-study/07-icones-sources/sysml1/collaborationuse.png;;a_faire
smartimport;autre;;;recolorer;basse;fonctionnalite Modelio specifique, pas un concept SysML;icons-study/07-icones-sources/sysml1/smartimport.png;;a_faire
smartgeneralization;autre;;;recolorer;basse;fonctionnalite Modelio specifique, pas un concept SysML;icons-study/07-icones-sources/sysml1/smartgeneralization.png;;a_faire
propertyspecifictype;element;;;recolorer;basse;a valider;icons-study/07-icones-sources/sysml1/propertyspecifictype.png;;a_faire
participantproperty;element;;;recolorer;basse;a valider;icons-study/07-icones-sources/sysml1/participantproperty.png;;a_faire
distributedproperty;element;;;recolorer;basse;a valider;icons-study/07-icones-sources/sysml1/distributedproperty.png;;a_faire
connectorproperty;element;;;recolorer;basse;a valider;icons-study/07-icones-sources/sysml1/connectorproperty.png;;a_faire
optional;autre;;;recolorer;basse;multiplicite optionnelle - a valider si icone dediee necessaire;icons-study/07-icones-sources/sysml1/optional.png;;a_faire
continuous;autre;;;recolorer;basse;bibliotheque Quantities and Units - a valider si icone dediee necessaire en v2;icons-study/07-icones-sources/sysml1/continuous.png;;a_faire
discrete;autre;;;recolorer;basse;idem continuous;icons-study/07-icones-sources/sysml1/discrete.png;;a_faire
continuousparameter;autre;;;recolorer;basse;idem continuous;icons-study/07-icones-sources/sysml1/continuousparameter.png;;a_faire
discreteparameter;autre;;;recolorer;basse;idem continuous;icons-study/07-icones-sources/sysml1/discreteparameter.png;;a_faire
rate;autre;;;recolorer;basse;idem continuous;icons-study/07-icones-sources/sysml1/rate.png;;a_faire
rateparameter;autre;;;recolorer;basse;idem continuous;icons-study/07-icones-sources/sysml1/rateparameter.png;;a_faire
probability;autre;;;recolorer;basse;idem continuous;icons-study/07-icones-sources/sysml1/probability.png;;a_faire
unit;autre;;;recolorer;basse;bibliotheque Quantities and Units;icons-study/07-icones-sources/sysml1/unit.png;;a_faire
quantitykind;autre;;;recolorer;basse;bibliotheque Quantities and Units;icons-study/07-icones-sources/sysml1/quantitykind.png;;a_faire
providedinterface;element;;InterfaceUsage (port provided);recolorer;moyenne;Definition couverte par la ligne interface - PRODUIT (2026-09-24) : icone bleu validee par le PO, fichier final en place a chemin_icone_sysml2;icons-study/07-icones-sources/sysml1/providedinterface.png;icons-study/08-icones-sysml2/sysml.interfaceusageportprovided.svg;produit
requiredinterface;element;;InterfaceUsage (port required);recolorer;moyenne;Definition couverte par la ligne interface - PRODUIT (2026-09-24) : icone bleu validee par le PO, fichier final en place a chemin_icone_sysml2;icons-study/07-icones-sources/sysml1/requiredinterface.png;icons-study/08-icones-sysml2/sysml.interfaceusageportrequired.svg;produit
umlcomposition;relation;;;recolorer;basse;doublon visuel de composition - a clarifier;icons-study/07-icones-sources/sysml1/umlcomposition.png;;a_faire
associationclass;element;;;recolorer;basse;a valider - notion non garantie en v2;icons-study/07-icones-sources/sysml1/associationclass.png;;a_faire
informationflow;element;FlowDefinition;FlowUsage;recolorer;haute;meme correction que itemflow, confirme dans Flows.sysml - PRODUIT (2026-09-24) : icones bleu validees par le PO, fichiers finaux en place a chemin_icone_sysml2;icons-study/07-icones-sources/sysml1/informationflow.png;icons-study/08-icones-sysml2/sysml.flowdefinition.svg / icons-study/08-icones-sysml2/sysml.flowusage.svg;produit
templatebinding;relation;;;recolorer;basse;a valider;icons-study/07-icones-sources/sysml1/templatebinding.png;;a_faire
raisedexception;autre;;;recolorer;basse;a valider;icons-study/07-icones-sources/sysml1/raisedexception.png;;a_faire
reference;autre;;ReferenceUsage;recolorer;haute;reference n'a pas de pendant Definition en KerML (mot-cle de non-appartenance) - PRODUIT (2026-09-24) : icone bleu validee par le PO, fichier final en place a chemin_icone_sysml2;icons-study/07-icones-sources/sysml1/reference.png;icons-study/08-icones-sysml2/sysml.referenceusage.svg;produit
sysml;autre;;;recolorer;haute;icone racine du formalisme / projet;icons-study/07-icones-sources/sysml1/sysml.png;;a_faire
blockdiagram;diagramme;;;recolorer;haute;a adapter en diagramme de definition;icons-study/07-icones-sources/sysml1/blockdiagram.png;;a_faire
internalblockdiagram;diagramme;;;recolorer;haute;a adapter en diagramme de definition interne;icons-study/07-icones-sources/sysml1/internalblockdiagram.png;;a_faire
packagediagram;diagramme;;;recolorer;haute;;icons-study/07-icones-sources/sysml1/packagediagram.png;;a_faire
parametricdiagram;diagramme;;;recolorer;haute;;icons-study/07-icones-sources/sysml1/parametricdiagram.png;;a_faire
sysmlactivitydiagram;diagramme;;;recolorer;haute;;icons-study/07-icones-sources/sysml1/sysmlactivitydiagram.png;;a_faire
sysmlrequirementdiagram;diagramme;;;recolorer;haute;;icons-study/07-icones-sources/sysml1/sysmlrequirementdiagram.png;;a_faire
sysmlsequencediagram;diagramme;;;recolorer;haute;;icons-study/07-icones-sources/sysml1/sysmlsequencediagram.png;;a_faire
sysmlstatemachinediagram;diagramme;;;recolorer;haute;;icons-study/07-icones-sources/sysml1/sysmlstatemachinediagram.png;;a_faire
sysmlusecasediagram;diagramme;;;recolorer;haute;;icons-study/07-icones-sources/sysml1/sysmlusecasediagram.png;;a_faire
previewactivitydiagram;diagramme;;;recolorer;basse;vignette de previsualisation - a regenerer en masse par script;icons-study/07-icones-sources/sysml1/previewactivitydiagram.png;;a_faire
previewblockdiagram;diagramme;;;recolorer;basse;idem;icons-study/07-icones-sources/sysml1/previewblockdiagram.png;;a_faire
previewinternalblockdiagram;diagramme;;;recolorer;basse;idem;icons-study/07-icones-sources/sysml1/previewinternalblockdiagram.png;;a_faire
previewpackagediagram;diagramme;;;recolorer;basse;idem;icons-study/07-icones-sources/sysml1/previewpackagediagram.png;;a_faire
previewparametricdiagram;diagramme;;;recolorer;basse;idem;icons-study/07-icones-sources/sysml1/previewparametricdiagram.png;;a_faire
previewsequencediagram;diagramme;;;recolorer;basse;idem;icons-study/07-icones-sources/sysml1/previewsequencediagram.png;;a_faire
previewstatediagram;diagramme;;;recolorer;basse;idem;icons-study/07-icones-sources/sysml1/previewstatediagram.png;;a_faire
previewusecasediagram;diagramme;;;recolorer;basse;idem;icons-study/07-icones-sources/sysml1/previewusecasediagram.png;;a_faire
;element;MetadataDefinition;MetadataUsage;creer;haute;pas de base SysML1 ni UML pertinente (aucun concept de metadonnee/stereotype dans mmimages uml.ui) - a dessiner - correction (croisee avec le metamodele Java implemente sur la branche feature/sysml2, modelio/sysml/sysml.metamodel.api) : la metaclasse reellement implementee est MetadataFeature, sans dualite Definition/Usage separee - a corriger dans cette ligne;;icons-study/08-icones-sysml2/sysml.metadatadefinition.svg / icons-study/08-icones-sysml2/sysml.metadatausage.svg;a_faire
;element;AnalysisCaseDefinition;AnalysisCaseUsage;derive;haute;pas de base UML mais base SysML1 disponible par proximite : deriver de testcase.png (meme famille que VerificationCase) plutot que creer ex nihilo;;icons-study/08-icones-sysml2/sysml.analysiscasedefinition.svg / icons-study/08-icones-sysml2/sysml.analysiscaseusage.svg;a_faire
;element;RenderingDefinition (Textual/Graphical/Tabular);RenderingUsage;creer;moyenne;pas de base SysML1 - repli UML partiel possible (standard.artifact.png) mais peu convaincant semantiquement - a dessiner;icons-study/07-icones-sources/uml/standard.artifact.png;icons-study/08-icones-sysml2/sysml.renderingdefinitiontextual.svg / icons-study/08-icones-sysml2/sysml.renderingusage.svg;a_faire
;element;OccurrenceDefinition;OccurrenceUsage;derive;moyenne;pas de base SysML1 - repli UML : standard.event.png (evenement/occurrence dans le temps) - couvre la Definition manquante de la ligne interaction - a valider avec le PO;icons-study/07-icones-sources/uml/standard.event.png;icons-study/08-icones-sysml2/sysml.occurrencedefinition.svg / icons-study/08-icones-sysml2/sysml.occurrenceusage.svg;a_faire
;element;IndividualDefinition;IndividualUsage;derive;moyenne;pas de base SysML1 - repli UML : standard.instance.png / standard.instancenode.png - a valider : IndividualDefinition/IndividualUsage n'apparaissent pas dans le metamodele Java implemente sur la branche feature/sysml2 (modelio/sysml/sysml.metamodel.api, 183 metaclasses recensees) - verifier si le concept est prevu pour une iteration ulterieure ou hors perimetre de cette version de l'implementation;icons-study/07-icones-sources/uml/standard.instance.png;icons-study/08-icones-sysml2/sysml.individualdefinition.svg / icons-study/08-icones-sysml2/sysml.individualusage.svg;a_faire
block48;element;PartDefinition;;recolorer;haute;variante grande taille (48px) de block.png, meme concept - PRODUIT (2026-09-24) : icone bleu validee par le PO, fichier final en place a chemin_icone_sysml2;icons-study/07-icones-sources/sysml1/block48.png;icons-study/08-icones-sysml2/sysml.partdefinition.svg;produit
constraintblock48;element;ConstraintDefinition;;recolorer;haute;variante 48px de constraintblock.png - PRODUIT (2026-09-24) : icone bleu validee par le PO, fichier final en place a chemin_icone_sysml2;icons-study/07-icones-sources/sysml1/constraintblock48.png;icons-study/08-icones-sysml2/sysml.constraintdefinition.svg;produit
valuetype48;element;AttributeDefinition;;recolorer;haute;variante 48px de valuetype.png - PRODUIT (2026-09-24) : icone bleu validee par le PO, fichier final en place a chemin_icone_sysml2;icons-study/07-icones-sources/sysml1/valuetype48.png;icons-study/08-icones-sysml2/sysml.attributedefinition.svg;produit
view48;element;ViewDefinition;ViewUsage;recolorer;haute;variante 48px de view.png - PRODUIT (2026-09-24) : icone bleu validee par le PO, fichier final en place a chemin_icone_sysml2;icons-study/07-icones-sources/sysml1/view48.png;icons-study/08-icones-sysml2/sysml.viewdefinition.svg / icons-study/08-icones-sysml2/sysml.viewusage.svg;produit
viewpoint48;element;ViewpointDefinition;ViewpointUsage;recolorer;haute;variante 48px de viewpoint.png - PRODUIT (2026-09-24) : icone bleu validee par le PO, fichier final en place a chemin_icone_sysml2;icons-study/07-icones-sources/sysml1/viewpoint48.png;icons-study/08-icones-sysml2/sysml.viewpointdefinition.svg / icons-study/08-icones-sysml2/sysml.viewpointusage.svg;produit
unit48;autre;;;recolorer;basse;variante 48px de unit.png;icons-study/07-icones-sources/sysml1/unit48.png;;a_faire
quantitykind48;autre;;;recolorer;basse;variante 48px de quantitykind.png;icons-study/07-icones-sources/sysml1/quantitykind48.png;;a_faire
flowspecification48;element;ItemDefinition;ItemUsage;recolorer;moyenne;variante 48px de flowspecification.png - PRODUIT (2026-09-24) : icone bleu validee par le PO, fichier final en place a chemin_icone_sysml2;icons-study/07-icones-sources/sysml1/flowspecification48.png;icons-study/08-icones-sysml2/sysml.itemdefinition.svg / icons-study/08-icones-sysml2/sysml.itemusage.svg;produit
binding;relation;;BindingConnector;recolorer;moyenne;icone de palette/outil de diagramme pour tracer un binding connector (visuel : deux losanges relies par une double fleche) - a distinguer de bindingconnector.png qui semble etre l'icone d'arbre de modele du meme concept (verifie visuellement le 2026-09-24) - PRODUIT (2026-09-24) : icone bleu validee par le PO, fichier final en place a chemin_icone_sysml2;icons-study/07-icones-sources/sysml1/binding.png;icons-study/08-icones-sysml2/sysml.bindingconnector.svg;produit
link_delegate;relation;;;recolorer;basse;connecteur de delegation - a valider si un concept distinct existe en v2 (sinon = ConnectionUsage standard);icons-study/07-icones-sources/sysml1/link_delegate.png;;a_faire
sysmlback;autre;;;recolorer;haute;icone de navigation UI (retour), pas un element de modele - a exclure du perimetre;icons-study/07-icones-sources/sysml1/sysmlback.png;;a_faire
backback;autre;;;recolorer;haute;icone de navigation UI (retour), pas un element de modele - a exclure du perimetre;icons-study/07-icones-sources/sysml1/backback.png;;a_faire
usage;autre;Usage;;recolorer;basse;metaclasse abstraite racine (KerML), utile comme icone de secours generique uniquement;icons-study/07-icones-sources/sysml1/usage.png;icons-study/08-icones-sysml2/sysml.usage.svg;a_faire
;element;;AcceptActionUsage;recolorer;haute;pas de base SysML1 - repli UML : standard.acceptsignalaction.png - Definition couverte par ActionDefinition (ligne activity), ce sous-type n'a pas de Definition dediee - PRODUIT (2026-09-24) : icone bleu validee par le PO, fichier final en place a chemin_icone_sysml2;icons-study/07-icones-sources/uml/standard.acceptsignalaction.png;icons-study/08-icones-sysml2/sysml.acceptactionusage.svg;produit
;element;;SendActionUsage;recolorer;haute;pas de base SysML1 - repli UML : standard.sendsignalaction.png - idem AcceptActionUsage - PRODUIT (2026-09-24) : icone bleu validee par le PO, fichier final en place a chemin_icone_sysml2;icons-study/07-icones-sources/uml/standard.sendsignalaction.png;icons-study/08-icones-sysml2/sysml.sendactionusage.svg;produit
;element;;AssignmentActionUsage;creer;basse;aucune base SysML1 ni UML pertinente identifiee - a dessiner;;icons-study/08-icones-sysml2/sysml.assignmentactionusage.svg;a_faire
;element;;IfActionUsage;recolorer;moyenne;pas de base SysML1 - repli UML : standard.conditionalnode.png;icons-study/07-icones-sources/uml/standard.conditionalnode.png;icons-study/08-icones-sysml2/sysml.ifactionusage.svg;a_faire
;element;;LoopActionUsage;recolorer;moyenne;pas de base SysML1 - repli UML : standard.loopnode.png - ForLoopActionUsage/WhileLoopActionUsage = variantes avec badge for/while, meme base;icons-study/07-icones-sources/uml/standard.loopnode.png;icons-study/08-icones-sysml2/sysml.loopactionusage.svg;a_faire
;element;;PerformActionUsage;recolorer;moyenne;pas de base SysML1 - repli UML : standard.callbehavioraction.png;icons-study/07-icones-sources/uml/standard.callbehavioraction.png;icons-study/08-icones-sysml2/sysml.performactionusage.svg;a_faire
;element;;TerminateActionUsage;derive;basse;pas de base SysML1 - repli UML : standard.flowfinalnode.png;icons-study/07-icones-sources/uml/standard.flowfinalnode.png;icons-study/08-icones-sysml2/sysml.terminateactionusage.svg;a_faire
;element;;ForkNode;recolorer;moyenne;pas de base SysML1 - repli UML : standard.forkjoinnode.png;icons-study/07-icones-sources/uml/standard.forkjoinnode.png;icons-study/08-icones-sysml2/sysml.forknode.svg;a_faire
;element;;JoinNode;recolorer;moyenne;pas de base SysML1 - repli UML : standard.forkjoinnode.png (meme pictogramme que ForkNode en UML);icons-study/07-icones-sources/uml/standard.forkjoinnode.png;icons-study/08-icones-sysml2/sysml.joinnode.svg;a_faire
;element;;MergeNode;recolorer;haute;pas de base SysML1 - repli UML : standard.mergenode.png - PRODUIT (2026-09-24) : icone bleu validee par le PO, fichier final en place a chemin_icone_sysml2;icons-study/07-icones-sources/uml/standard.mergenode.png;icons-study/08-icones-sysml2/sysml.mergenode.svg;produit
;element;;DecisionNode;recolorer;haute;pas de base SysML1 - repli UML : standard.decisionmergenode.png - PRODUIT (2026-09-24) : icone bleu validee par le PO, fichier final en place a chemin_icone_sysml2;icons-study/07-icones-sources/uml/standard.decisionmergenode.png;icons-study/08-icones-sysml2/sysml.decisionnode.svg;produit
;element;;TransitionUsage;recolorer;haute;pas de base SysML1 - repli UML : standard.transition.png - Definition non applicable (relation de StateUsage) - PRODUIT (2026-09-24) : icone bleu validee par le PO, fichier final en place a chemin_icone_sysml2;icons-study/07-icones-sources/uml/standard.transition.png;icons-study/08-icones-sysml2/sysml.transitionusage.svg;produit
;element;;EventOccurrenceUsage;derive;basse;pas de base SysML1 - repli UML : standard.event.png;icons-study/07-icones-sources/uml/standard.event.png;icons-study/08-icones-sysml2/sysml.eventoccurrenceusage.svg;a_faire
;element;;ExhibitStateUsage;derive;basse;variante de StateUsage (etat exhibe par une occurrence) - repli UML : standard.state.png;icons-study/07-icones-sources/uml/standard.state.png;icons-study/08-icones-sysml2/sysml.exhibitstateusage.svg;a_faire
;element;;AssertConstraintUsage;derive;moyenne;variante de ConstraintUsage (assertion) - badge sur la base constraintproperty.png - PRODUIT (2026-09-24) : icone bleu validee par le PO, fichier final en place a chemin_icone_sysml2;;icons-study/08-icones-sysml2/sysml.assertconstraintusage.svg;produit
;element;;Invariant;derive;moyenne;variante permanente de ConstraintUsage - badge sur la base constraintproperty.png - PRODUIT (2026-09-24) : icone bleu validee par le PO, fichier final en place a chemin_icone_sysml2;;icons-study/08-icones-sysml2/sysml.invariant.svg;produit
;element;ConjugatedPortDefinition;;derive;moyenne;variante miroir de PortDefinition (port conjugue) - badge sur la base port.png - PRODUIT (2026-09-24) : icone bleu validee par le PO, fichier final en place a chemin_icone_sysml2;;icons-study/08-icones-sysml2/sysml.conjugatedportdefinition.svg;produit
;element;;BindingConnectorAsUsage;recolorer;moyenne;forme usage de BindingConnector, meme base que bindingconnector.png/binding.png;;icons-study/08-icones-sysml2/sysml.bindingconnectorasusage.svg;a_faire
;element;;SatisfyRequirementUsage;derive;moyenne;variante de RequirementUsage avec badge de verification (check) - base requirement.png;;icons-study/08-icones-sysml2/sysml.satisfyrequirementusage.svg;a_faire
;element;;IncludeUseCaseUsage;recolorer;haute;pas de base SysML1 - repli UML : standard.usecasedependencyinclude.png - PRODUIT (2026-09-24) : icone bleu validee par le PO, fichier final en place a chemin_icone_sysml2;icons-study/07-icones-sources/uml/standard.usecasedependencyinclude.png;icons-study/08-icones-sysml2/sysml.includeusecaseusage.svg;produit
;element;CalculationDefinition;CalculationUsage;derive;basse;pas de base SysML1 dediee - rapprocher de ConstraintDefinition/Usage (comportement retournant une valeur), base constraintblock.png/constraintproperty.png;;icons-study/08-icones-sysml2/sysml.calculationdefinition.svg / icons-study/08-icones-sysml2/sysml.calculationusage.svg;a_faire
;autre;LibraryPackage;;derive;moyenne;variante de Package (bibliotheque) - badge sur la base package.png - PRODUIT (2026-09-24) : icone bleu validee par le PO, fichier final en place a chemin_icone_sysml2;;icons-study/08-icones-sysml2/sysml.librarypackage.svg;produit
;autre;SysMLProject;;aucune;haute;icone deja existante dans le module cible (sysml.sysmlproject.png) - aucune action requise - PRODUIT (2026-09-24) : icone bleu validee par le PO, fichier final en place a chemin_icone_sysml2;H:\modelio\work\modelio-source\modelio\sysml\sysml.ui\mmimages\sysml.sysmlproject.png;H:\modelio\work\modelio-source\modelio\sysml\sysml.ui\mmimages\sysml.sysmlproject.png;produit
;element;;AttributeUsage;derive;moyenne;pas de base SysML1 utilisable - repli UML : standard.attribute.png (lettre 'a' generique, pas de nom de type grave en dur contrairement a valuetype.png) - trou expose par la correction du 2026-09-24 sur la ligne valuetype - PRODUIT (2026-09-24) : icone bleu validee par le PO, fichier final en place a chemin_icone_sysml2;icons-study/07-icones-sources/uml/standard.attribute.png;icons-study/08-icones-sysml2/sysml.attributeusage.svg;produit
actor;element;PartDefinition (stereotype);PartUsage (stereotype);derive;basse;Actor n'est plus une metaclasse en v2 (role porte par un PartUsage/etiquette) - a confirmer si un badge bonhomme est conserve sur PartDefinition/PartUsage;icons-study/07-icones-sources/sysml1/actor.png;icons-study/08-icones-sysml2/sysml.partdefinitionstereotype.svg / icons-study/08-icones-sysml2/sysml.partusagestereotype.svg;a_faire
constraint;autre;;;recolorer;basse;visuellement different de constraintproperty.png (petite pochette/etiquette orange, pas de symbole d'accolades) - ne represente pas clairement une contrainte, a ne PAS utiliser comme base pour ConstraintUsage (verifie visuellement le 2026-09-24) - role reel dans SysMLArchitect a identifier avant reutilisation;icons-study/07-icones-sources/sysml1/constraint.png;;a_faire
flowport_indiagram;element;PortDefinition;PortUsage (direction in);derive;moyenne;vignette de diagramme de flowport_in.png, meme concept - PRODUIT (2026-09-24) : icone bleu validee par le PO, fichier final en place a chemin_icone_sysml2;icons-study/07-icones-sources/sysml1/flowport_indiagram.png;icons-study/08-icones-sysml2/sysml.portdefinition.svg / icons-study/08-icones-sysml2/sysml.portusagedirectionin.svg;produit
flowport_inoutdiagram;element;PortDefinition;PortUsage (direction inout);derive;moyenne;vignette de diagramme de flowport_inout.png, meme concept - PRODUIT (2026-09-24) : icone bleu validee par le PO, fichier final en place a chemin_icone_sysml2;icons-study/07-icones-sources/sysml1/flowport_inoutdiagram.png;icons-study/08-icones-sysml2/sysml.portdefinition.svg / icons-study/08-icones-sysml2/sysml.portusagedirectioninout.svg;produit
flowport_outdiagram;element;PortDefinition;PortUsage (direction out);derive;moyenne;vignette de diagramme de flowport_out.png, meme concept - PRODUIT (2026-09-24) : icone bleu validee par le PO, fichier final en place a chemin_icone_sysml2;icons-study/07-icones-sources/sysml1/flowport_outdiagram.png;icons-study/08-icones-sysml2/sysml.portdefinition.svg / icons-study/08-icones-sysml2/sysml.portusagedirectionout.svg;produit
sysmldiagram;diagramme;;;recolorer;haute;icone generique de type de diagramme SysML;icons-study/07-icones-sources/sysml1/sysmldiagram.png;;a_faire
traceability;relation;Trace (relation);;recolorer;haute;doublon visuel confirme de trace.png (image identique, verifie visuellement le 2026-09-24) - ne garder qu'un seul des deux fichiers en base de production, l'autre est superflu - PRODUIT (2026-09-24) : icone bleu validee par le PO, fichier final en place a chemin_icone_sysml2;icons-study/07-icones-sources/sysml1/traceability.png;icons-study/08-icones-sysml2/sysml.trace.svg;produit
